No,MatchName,Sport,Region,Date,Time,Game_Info,Relative_Path,Full_URL
1,"Allen vs Duncanville Panthers And Pantherettes",Football,"Texas",08/28/2026,07:00 PM,"The Duncanville Panthers And Pantherettes varsity football team has an away non-conference game @ Allen (Texas) on Thursday, August 27 @ 7p.","/tx/football/game/allen-vs-duncanville-panthers-and-pantherettes/8-28-2026/?c=d8398537-8e3f-41f6-91ef-caa6013687b6","https://www.maxpreps.com/tx/football/game/allen-vs-duncanville-panthers-and-pantherettes/8-28-2026/?c=d8398537-8e3f-41f6-91ef-caa6013687b6"
2,"Lancaster vs North Shore Houston",Football,"Texas",08/28/2026,07:00 PM,"The North Shore Houston varsity football team has an away non-conference game @ Lancaster (Texas) on Thursday, August 27 @ 7p.","/tx/football/game/lancaster-vs-north-shore-houston/8-28-2026/?c=048754cc-d3d7-4ca9-895c-59ff4c04816a","https://www.maxpreps.com/tx/football/game/lancaster-vs-north-shore-houston/8-28-2026/?c=048754cc-d3d7-4ca9-895c-59ff4c04816a"
3,"Randle Richmond vs South Oak Cliff Dallas",Football,"Texas",08/28/2026,07:00 PM,"The South Oak Cliff Dallas varsity football team has an away non-conference game @ Randle Richmond (Texas) on Thursday, August 27 @ 7p.","/tx/football/game/randle-richmond-vs-south-oak-cliff-dallas/8-28-2026/?c=35a1b95f-4e00-4629-8579-c699aef3837c","https://www.maxpreps.com/tx/football/game/randle-richmond-vs-south-oak-cliff-dallas/8-28-2026/?c=35a1b95f-4e00-4629-8579-c699aef3837c"
4,"Hill Country Christian San Marcos vs New Braunfels Thunder",Football,"Texas",08/28/2026,07:00 PM,"The New Braunfels Thunder varsity football team has an away non-conference game @ Hill Country Christian San Marcos (Texas) on Thursday, August 27 @ 7p.","/tx/football/game/hill-country-christian-san-marcos-vs-new-braunfels-thunder/8-28-2026/?c=e8944d5c-da2a-4885-970f-7b2b4b18c693","https://www.maxpreps.com/tx/football/game/hill-country-christian-san-marcos-vs-new-braunfels-thunder/8-28-2026/?c=e8944d5c-da2a-4885-970f-7b2b4b18c693"
5,"Prairie Lea vs Valor Kyle",Football,"Texas",08/28/2026,07:00 PM,"The Valor Kyle varsity football team has an away non-conference game @ Prairie Lea (Texas) on Thursday, August 27 @ 7p.","/tx/football/game/prairie-lea-vs-valor-kyle/8-28-2026/?c=f0255ae0-9009-42f5-a1a0-e43970d6a17b","https://www.maxpreps.com/tx/football/game/prairie-lea-vs-valor-kyle/8-28-2026/?c=f0255ae0-9009-42f5-a1a0-e43970d6a17b"
6,"Langham Creek Houston vs Paetow Katy",Football,"Texas",08/28/2026,07:00 PM,"The Paetow Katy varsity football team has an away non-conference game @ Langham Creek Houston (Texas) on Thursday, August 27 @ 7p.","/tx/football/game/langham-creek-houston-vs-paetow-katy/8-28-2026/?c=b4f0da39-f6e0-483e-b206-d44b8025c8fc","https://www.maxpreps.com/tx/football/game/langham-creek-houston-vs-paetow-katy/8-28-2026/?c=b4f0da39-f6e0-483e-b206-d44b8025c8fc"
7,"Alvarado vs Joshua",Football,"Texas",08/28/2026,07:00 PM,"The Joshua varsity football team has an away non-conference game @ Alvarado (Texas) on Thursday, August 27 @ 7p.","/tx/football/game/alvarado-vs-joshua/8-28-2026/?c=32d7e227-d417-49aa-9f74-e6ddeb658cfa","https://www.maxpreps.com/tx/football/game/alvarado-vs-joshua/8-28-2026/?c=32d7e227-d417-49aa-9f74-e6ddeb658cfa"
8,"Aledo vs North Crowley Fort Worth",Football,"Texas",08/28/2026,07:00 PM,"The North Crowley Fort Worth varsity football team has an away non-conference game @ Aledo (Texas) on Thursday, August 27 @ 7p.","/tx/football/game/aledo-vs-north-crowley-fort-worth/8-28-2026/?c=1a6a9527-cfb7-4f36-a6e2-842b23fa0fa7","https://www.maxpreps.com/tx/football/game/aledo-vs-north-crowley-fort-worth/8-28-2026/?c=1a6a9527-cfb7-4f36-a6e2-842b23fa0fa7"
9,"Brewer Fort Worth vs Haltom Haltom City",Football,"Texas",08/28/2026,07:00 PM,"The Haltom Haltom City varsity football team has an away non-conference game @ Brewer Fort Worth (Texas) on Thursday, August 27 @ 7p.","/tx/football/game/brewer-fort-worth-vs-haltom-haltom-city/8-28-2026/?c=0df15fb1-5f9d-43f3-98e6-f51e71ca6ba9","https://www.maxpreps.com/tx/football/game/brewer-fort-worth-vs-haltom-haltom-city/8-28-2026/?c=0df15fb1-5f9d-43f3-98e6-f51e71ca6ba9"
10,"Newton vs West Orange Stark",Football,"Texas",08/28/2026,07:00 PM,"The West Orange Stark varsity football team has an away non-conference game @ Newton (Texas) on Thursday, August 27 @ 7p.","/tx/football/game/newton-vs-west-orange-stark/8-28-2026/?c=ac29cbb7-32e0-4f35-bd43-f0ecf2624488","https://www.maxpreps.com/tx/football/game/newton-vs-west-orange-stark/8-28-2026/?c=ac29cbb7-32e0-4f35-bd43-f0ecf2624488"
11,"Cinco Ranch Katy vs Smithson Valley Spring Branch",Football,"Texas",08/28/2026,07:00 PM,"The Smithson Valley Spring Branch varsity football team has an away non-conference game @ Cinco Ranch Katy (Texas) on Thursday, August 27 @ 7p.","/tx/football/game/cinco-ranch-katy-vs-smithson-valley-spring-branch/8-28-2026/?c=4941b4a8-8a91-45e3-a04f-aa9ac1044c81","https://www.maxpreps.com/tx/football/game/cinco-ranch-katy-vs-smithson-valley-spring-branch/8-28-2026/?c=4941b4a8-8a91-45e3-a04f-aa9ac1044c81"
12,"Guyer Denton vs Rockwall Heath",Football,"Texas",08/28/2026,07:00 PM,"The Rockwall Heath varsity football team has an away non-conference game @ Guyer Denton (Texas) on Thursday, August 27 @ 7p.","/tx/football/game/guyer-denton-vs-rockwall-heath/8-28-2026/?c=25dce191-00de-4abd-9a46-21df0ab70f24","https://www.maxpreps.com/tx/football/game/guyer-denton-vs-rockwall-heath/8-28-2026/?c=25dce191-00de-4abd-9a46-21df0ab70f24"
13,"Ryan Denton vs Vr Eaton Fort Worth",Football,"Texas",08/28/2026,07:00 PM,"The Vr Eaton Fort Worth varsity football team has an away non-conference game @ Ryan Denton (Texas) on Thursday, August 27 @ 7p.","/tx/football/game/ryan-denton-vs-vr-eaton-fort-worth/8-28-2026/?c=5007dcee-c65c-43a5-9b53-c06f6e7b8a43","https://www.maxpreps.com/tx/football/game/ryan-denton-vs-vr-eaton-fort-worth/8-28-2026/?c=5007dcee-c65c-43a5-9b53-c06f6e7b8a43"
14,"Highland Park Amarillo vs Wheeler",Football,"Texas",08/28/2026,07:00 PM,"The Wheeler varsity football team has an away non-conference game @ Highland Park Amarillo (Texas) on Thursday, August 27 @ 7p.","/tx/football/game/highland-park-amarillo-vs-wheeler/8-28-2026/?c=18ecb793-f143-4e3c-ae93-efcdef4b7f3e","https://www.maxpreps.com/tx/football/game/highland-park-amarillo-vs-wheeler/8-28-2026/?c=18ecb793-f143-4e3c-ae93-efcdef4b7f3e"
15,"Tulia vs West Texas Stinnett",Football,"Texas",08/28/2026,07:00 PM,"The West Texas Stinnett varsity football team has an away non-conference game @ Tulia (Texas) on Thursday, August 27 @ 7p.","/tx/football/game/tulia-vs-west-texas-stinnett/8-28-2026/?c=b5d3603d-141f-4315-8de1-ad43c12b3553","https://www.maxpreps.com/tx/football/game/tulia-vs-west-texas-stinnett/8-28-2026/?c=b5d3603d-141f-4315-8de1-ad43c12b3553"
16,"Cisco vs Clyde",Football,"Texas",08/28/2026,07:00 PM,"The Clyde varsity football team has an away non-conference game @ Cisco (Texas) on Thursday, August 27 @ 7p.","/tx/football/game/cisco-vs-clyde/8-28-2026/?c=9ff915e7-e31a-42d9-827e-ef6f3fef5cef","https://www.maxpreps.com/tx/football/game/cisco-vs-clyde/8-28-2026/?c=9ff915e7-e31a-42d9-827e-ef6f3fef5cef"
17,"Lebanon Trail Frisco vs Memorial Frisco",Football,"Texas",08/28/2026,07:00 PM,"The Memorial Frisco varsity football team has an away non-conference game @ Lebanon Trail Frisco (Texas) on Thursday, August 27 @ 7p.","/tx/football/game/lebanon-trail-frisco-vs-memorial-frisco/8-28-2026/?c=b6aea8cc-672e-41b9-a45f-aea690758ea1","https://www.maxpreps.com/tx/football/game/lebanon-trail-frisco-vs-memorial-frisco/8-28-2026/?c=b6aea8cc-672e-41b9-a45f-aea690758ea1"
18,"Hondo vs Ingram Moore",Football,"Texas",08/28/2026,07:00 PM,"The Ingram Moore varsity football team has an away non-conference game @ Hondo (Texas) on Thursday, August 27 @ 7p.","/tx/football/game/hondo-vs-ingram-moore/8-28-2026/?c=a4ce358d-e4b5-41a2-b047-5d215b92f979","https://www.maxpreps.com/tx/football/game/hondo-vs-ingram-moore/8-28-2026/?c=a4ce358d-e4b5-41a2-b047-5d215b92f979"
19,"Paradise vs Ponder",Football,"Texas",08/28/2026,07:00 PM,"The Ponder varsity football team has an away non-conference game @ Paradise (Texas) on Thursday, August 27 @ 7p.","/tx/football/game/paradise-vs-ponder/8-28-2026/?c=325b056e-c6cb-4830-83b4-0bfda65631db","https://www.maxpreps.com/tx/football/game/paradise-vs-ponder/8-28-2026/?c=325b056e-c6cb-4830-83b4-0bfda65631db"
20,"Richardson vs Wylie East",Football,"Texas",08/28/2026,07:00 PM,"The Wylie East varsity football team has an away non-conference game @ Richardson (Texas) on Thursday, August 27 @ 7p.","/tx/football/game/richardson-vs-wylie-east/8-28-2026/?c=0759780b-1f4e-468a-b10b-b7d98577c4d4","https://www.maxpreps.com/tx/football/game/richardson-vs-wylie-east/8-28-2026/?c=0759780b-1f4e-468a-b10b-b7d98577c4d4"
21,"Dickinson vs Ridge Point Missouri City",Football,"Texas",08/28/2026,07:00 PM,"The Ridge Point Missouri City varsity football team has an away non-conference game @ Dickinson (Texas) on Thursday, August 27 @ 7p.","/tx/football/game/dickinson-vs-ridge-point-missouri-city/8-28-2026/?c=30a03098-30ca-4445-9f7b-bafda3a79d40","https://www.maxpreps.com/tx/football/game/dickinson-vs-ridge-point-missouri-city/8-28-2026/?c=30a03098-30ca-4445-9f7b-bafda3a79d40"
22,"Fort Bend Elkins Missouri City vs Mayde Creek Houston",Football,"Texas",08/28/2026,07:00 PM,"The Mayde Creek Houston varsity football team has an away non-conference game @ Fort Bend Elkins Missouri City (Texas) on Thursday, August 27 @ 7p.","/tx/football/game/fort-bend-elkins-missouri-city-vs-mayde-creek-houston/8-28-2026/?c=b3741b06-44c8-4de9-89c0-26f5fdbadb0b","https://www.maxpreps.com/tx/football/game/fort-bend-elkins-missouri-city-vs-mayde-creek-houston/8-28-2026/?c=b3741b06-44c8-4de9-89c0-26f5fdbadb0b"
23,"Edcouch Elsa vs San Benito",Football,"Texas",08/28/2026,07:00 PM,"The San Benito varsity football team has an away non-conference game @ Edcouch Elsa (Texas) on Thursday, August 27 @ 7p.","/tx/football/game/edcouch-elsa-vs-san-benito/8-28-2026/?c=1bb1ee2c-b78b-4d0c-b22b-b95e2e8fb5f3","https://www.maxpreps.com/tx/football/game/edcouch-elsa-vs-san-benito/8-28-2026/?c=1bb1ee2c-b78b-4d0c-b22b-b95e2e8fb5f3"
24,"Magnolia vs Willis",Football,"Texas",08/28/2026,07:00 PM,"The Willis varsity football team has an away non-conference game @ Magnolia (Texas) on Thursday, August 27 @ 7p.","/tx/football/game/magnolia-vs-willis/8-28-2026/?c=df5de2ca-2333-4a70-9e6a-89141e646988","https://www.maxpreps.com/tx/football/game/magnolia-vs-willis/8-28-2026/?c=df5de2ca-2333-4a70-9e6a-89141e646988"
25,"Pace Brownsville vs Rio Hondo",Football,"Texas",08/28/2026,07:00 PM,"The Rio Hondo varsity football team has an away non-conference game @ Pace Brownsville (Texas) on Thursday, August 27 @ 7p.","/tx/football/game/pace-brownsville-vs-rio-hondo/8-28-2026/?c=48f53c80-57ec-4fb7-83c3-5c427bac3566","https://www.maxpreps.com/tx/football/game/pace-brownsville-vs-rio-hondo/8-28-2026/?c=48f53c80-57ec-4fb7-83c3-5c427bac3566"
26,"Crosby vs Dayton",Football,"Texas",08/28/2026,07:00 PM,"The Dayton varsity football team has an away non-conference game @ Crosby (Texas) on Thursday, August 27 @ 7p.","/tx/football/game/crosby-vs-dayton/8-28-2026/?c=236102f5-05e2-4c38-b81b-93b6d4244230","https://www.maxpreps.com/tx/football/game/crosby-vs-dayton/8-28-2026/?c=236102f5-05e2-4c38-b81b-93b6d4244230"
27,"Boerne vs Round Rock Westwood Austin",Football,"Texas",08/28/2026,07:00 PM,"The Round Rock Westwood Austin varsity football team has an away non-conference game @ Boerne (Texas) on Thursday, August 27 @ 7p.","/tx/football/game/boerne-vs-round-rock-westwood-austin/8-28-2026/?c=34bbf55a-d231-490d-925c-3d361d7172b7","https://www.maxpreps.com/tx/football/game/boerne-vs-round-rock-westwood-austin/8-28-2026/?c=34bbf55a-d231-490d-925c-3d361d7172b7"
28,"Alief Taylor Houston vs Westbury Houston",Football,"Texas",08/28/2026,07:00 PM,"The Westbury Houston varsity football team has an away non-conference game @ Alief Taylor Houston (Texas) on Thursday, August 27 @ 7p.","/tx/football/game/alief-taylor-houston-vs-westbury-houston/8-28-2026/?c=42f73250-de69-4f0e-b86a-cb7f6c44ba64","https://www.maxpreps.com/tx/football/game/alief-taylor-houston-vs-westbury-houston/8-28-2026/?c=42f73250-de69-4f0e-b86a-cb7f6c44ba64"
29,"Cuero vs Yoakum",Football,"Texas",08/28/2026,07:00 PM,"The Yoakum varsity football team has an away non-conference game @ Cuero (Texas) on Thursday, August 27 @ 7p.","/tx/football/game/cuero-vs-yoakum/8-28-2026/?c=a6e1fff0-ce07-4bec-bcf5-da328df22c73","https://www.maxpreps.com/tx/football/game/cuero-vs-yoakum/8-28-2026/?c=a6e1fff0-ce07-4bec-bcf5-da328df22c73"
30,"Bay City vs Columbus",Football,"Texas",08/28/2026,07:00 PM,"The Columbus varsity football team has an away non-conference game @ Bay City (Texas) on Thursday, August 27 @ 7p.","/tx/football/game/bay-city-vs-columbus/8-28-2026/?c=4a267307-a3ee-452a-b3b3-63d4030b4637","https://www.maxpreps.com/tx/football/game/bay-city-vs-columbus/8-28-2026/?c=4a267307-a3ee-452a-b3b3-63d4030b4637"
31,"Ball Galveston vs Fort Bend Marshall Missouri City",Football,"Texas",08/28/2026,07:00 PM,"The Fort Bend Marshall Missouri City varsity football team has an away non-conference game @ Ball Galveston (Texas) on Thursday, August 27 @ 7p.","/tx/football/game/ball-galveston-vs-fort-bend-marshall-missouri-city/8-28-2026/?c=2b730421-822d-4b39-8094-2ba974945c83","https://www.maxpreps.com/tx/football/game/ball-galveston-vs-fort-bend-marshall-missouri-city/8-28-2026/?c=2b730421-822d-4b39-8094-2ba974945c83"
32,"Goose Creek Memorial Baytown vs Kingwood Park",Football,"Texas",08/28/2026,07:00 PM,"The Kingwood Park varsity football team has an away non-conference game @ Goose Creek Memorial Baytown (Texas) on Thursday, August 27 @ 7p.","/tx/football/game/goose-creek-memorial-baytown-vs-kingwood-park/8-28-2026/?c=794c481b-2e0e-4d22-a805-d2a44a3a2d25","https://www.maxpreps.com/tx/football/game/goose-creek-memorial-baytown-vs-kingwood-park/8-28-2026/?c=794c481b-2e0e-4d22-a805-d2a44a3a2d25"
33,"Lindsay vs Muenster",Football,"Texas",08/28/2026,07:00 PM,"The Muenster varsity football team has an away non-conference game @ Lindsay (Texas) on Thursday, August 27 @ 7p.","/tx/football/game/lindsay-vs-muenster/8-28-2026/?c=02072cfe-79a6-4efb-a5da-e48f4da9b061","https://www.maxpreps.com/tx/football/game/lindsay-vs-muenster/8-28-2026/?c=02072cfe-79a6-4efb-a5da-e48f4da9b061"
34,"Dawson Pearland vs Deer Park",Football,"Texas",08/28/2026,07:00 PM,"The Deer Park varsity football team has an away non-conference game @ Dawson Pearland (Texas) on Thursday, August 27 @ 7p.","/tx/football/game/dawson-pearland-vs-deer-park/8-28-2026/?c=86b01c88-9197-49e5-b6de-1c0cbf906223","https://www.maxpreps.com/tx/football/game/dawson-pearland-vs-deer-park/8-28-2026/?c=86b01c88-9197-49e5-b6de-1c0cbf906223"
35,"Jarrell vs Navarro Austin",Football,"Texas",08/28/2026,07:00 PM,"The Navarro Austin varsity football team has an away non-conference game @ Jarrell (Texas) on Thursday, August 27 @ 7p.","/tx/football/game/jarrell-vs-navarro-austin/8-28-2026/?c=31cbcb90-c178-4992-9464-d6fd9a9a6a64","https://www.maxpreps.com/tx/football/game/jarrell-vs-navarro-austin/8-28-2026/?c=31cbcb90-c178-4992-9464-d6fd9a9a6a64"
36,"Central Catholic San Antonio vs Mccollum San Antonio",Football,"Texas",08/28/2026,07:00 PM,"The Mccollum San Antonio varsity football team has an away non-conference game @ Central Catholic San Antonio (Texas) on Thursday, August 27 @ 7p.","/tx/football/game/central-catholic-san-antonio-vs-mccollum-san-antonio/8-28-2026/?c=673adc89-3e05-49f7-9885-299394e0640e","https://www.maxpreps.com/tx/football/game/central-catholic-san-antonio-vs-mccollum-san-antonio/8-28-2026/?c=673adc89-3e05-49f7-9885-299394e0640e"
37,"Holy Cross San Antonio vs Lanier San Antonio",Football,"Texas",08/28/2026,07:00 PM,"The Lanier San Antonio varsity football team has an away non-conference game @ Holy Cross San Antonio (Texas) on Thursday, August 27 @ 7p.","/tx/football/game/holy-cross-san-antonio-vs-lanier-san-antonio/8-28-2026/?c=f9fb3a77-c392-487c-9ba5-04fed3229d6a","https://www.maxpreps.com/tx/football/game/holy-cross-san-antonio-vs-lanier-san-antonio/8-28-2026/?c=f9fb3a77-c392-487c-9ba5-04fed3229d6a"
38,"Idalou vs Sweetwater",Football,"Texas",08/28/2026,07:00 PM,"The Sweetwater varsity football team has an away non-conference game @ Idalou (Texas) on Thursday, August 27 @ 7p.","/tx/football/game/idalou-vs-sweetwater/8-28-2026/?c=b84cf47d-c56e-4de5-8ce9-4e2526519f1c","https://www.maxpreps.com/tx/football/game/idalou-vs-sweetwater/8-28-2026/?c=b84cf47d-c56e-4de5-8ce9-4e2526519f1c"
39,"Life Waxahachie Warriors vs Southwest Fort Worth",Football,"Texas",08/28/2026,07:00 PM,"The Southwest Fort Worth varsity football team has an away non-conference game @ Life Waxahachie Warriors (Texas) on Thursday, August 27 @ 7p.","/tx/football/game/life-waxahachie-warriors-vs-southwest-fort-worth/8-28-2026/?c=801ebb11-1ff0-4963-ba2d-30ef1dce8689","https://www.maxpreps.com/tx/football/game/life-waxahachie-warriors-vs-southwest-fort-worth/8-28-2026/?c=801ebb11-1ff0-4963-ba2d-30ef1dce8689"
40,"Rosehill Christian Tomball vs St John Xxiii Katy",Football,"Texas",08/28/2026,07:00 PM,"The St John Xxiii Katy varsity football team has an away non-conference game @ Rosehill Christian Tomball (Texas) on Thursday, August 27 @ 7p.","/tx/football/game/rosehill-christian-tomball-vs-st-john-xxiii-katy/8-28-2026/?c=856af75b-40ae-4e27-86c8-b6decb986d19","https://www.maxpreps.com/tx/football/game/rosehill-christian-tomball-vs-st-john-xxiii-katy/8-28-2026/?c=856af75b-40ae-4e27-86c8-b6decb986d19"
41,"Founders Classical Academy Lewisville vs Mckinney Christian Academy",Football,"Texas",08/28/2026,07:00 PM,"The Mckinney Christian Academy varsity football team has an away non-conference game @ Founders Classical Academy Lewisville (Texas) on Thursday, August 27 @ 7p.","/tx/football/game/founders-classical-academy-lewisville-vs-mckinney-christian-academy/8-28-2026/?c=04dd3e8a-ffcd-4ee2-b471-83d02aea30f5","https://www.maxpreps.com/tx/football/game/founders-classical-academy-lewisville-vs-mckinney-christian-academy/8-28-2026/?c=04dd3e8a-ffcd-4ee2-b471-83d02aea30f5"
42,"Mason vs Reagan County Big Lake",Football,"Texas",08/28/2026,07:00 PM,"The Reagan County Big Lake varsity football team has an away non-conference game @ Mason (Texas) on Thursday, August 27 @ 7p.","/tx/football/game/mason-vs-reagan-county-big-lake/8-28-2026/?c=a413ead1-64b6-4356-bf19-e25c8c658634","https://www.maxpreps.com/tx/football/game/mason-vs-reagan-county-big-lake/8-28-2026/?c=a413ead1-64b6-4356-bf19-e25c8c658634"
43,"Forney vs Lake Highlands Dallas",Football,"Texas",08/28/2026,07:00 PM,"The Lake Highlands Dallas varsity football team has an away non-conference game @ Forney (Texas) on Thursday, August 27 @ 7p.","/tx/football/game/forney-vs-lake-highlands-dallas/8-28-2026/?c=ea0e39d4-7cc7-4c79-a7ca-b1a8705d6f50","https://www.maxpreps.com/tx/football/game/forney-vs-lake-highlands-dallas/8-28-2026/?c=ea0e39d4-7cc7-4c79-a7ca-b1a8705d6f50"
44,"Stratford vs Sunray",Football,"Texas",08/28/2026,07:00 PM,"The Sunray varsity football team has an away non-conference game @ Stratford (Texas) on Thursday, August 27 @ 7p.","/tx/football/game/stratford-vs-sunray/8-28-2026/?c=727b5c37-6910-40bf-957b-6e899c69a4b3","https://www.maxpreps.com/tx/football/game/stratford-vs-sunray/8-28-2026/?c=727b5c37-6910-40bf-957b-6e899c69a4b3"
45,"Cedar Hill vs Crowley",Football,"Texas",08/28/2026,07:00 PM,"The Crowley varsity football team has an away non-conference game @ Cedar Hill (Texas) on Thursday, August 27 @ 7p.","/tx/football/game/cedar-hill-vs-crowley/8-28-2026/?c=c7543575-0f89-42e3-9430-f6cd5cca452f","https://www.maxpreps.com/tx/football/game/cedar-hill-vs-crowley/8-28-2026/?c=c7543575-0f89-42e3-9430-f6cd5cca452f"
46,"Arp vs Waskom",Football,"Texas",08/28/2026,07:00 PM,"The Waskom varsity football team has an away non-conference game @ Arp (Texas) on Thursday, August 27 @ 7p.","/tx/football/game/arp-vs-waskom/8-28-2026/?c=3dc9cc6d-92e1-4898-a844-73418849d4d0","https://www.maxpreps.com/tx/football/game/arp-vs-waskom/8-28-2026/?c=3dc9cc6d-92e1-4898-a844-73418849d4d0"
47,"Holy Cross Midland vs Trinity Midland",Football,"Texas",08/28/2026,07:00 PM,"The Trinity Midland varsity football team has an away non-conference game @ Holy Cross Midland (Texas) on Thursday, August 27 @ 7p.","/tx/football/game/holy-cross-midland-vs-trinity-midland/8-28-2026/?c=aa5f1142-a7b6-48bb-97f9-b2550f4f06bf","https://www.maxpreps.com/tx/football/game/holy-cross-midland-vs-trinity-midland/8-28-2026/?c=aa5f1142-a7b6-48bb-97f9-b2550f4f06bf"
48,"Gonzales vs Marion",Football,"Texas",08/28/2026,07:00 PM,"The Marion varsity football team has an away non-conference game @ Gonzales (Texas) on Thursday, August 27 @ 7p.","/tx/football/game/gonzales-vs-marion/8-28-2026/?c=6ed99a5a-f939-4ba6-8a92-6f9972abddd4","https://www.maxpreps.com/tx/football/game/gonzales-vs-marion/8-28-2026/?c=6ed99a5a-f939-4ba6-8a92-6f9972abddd4"
49,"Blanket vs Panther Creek Valera",Football,"Texas",08/28/2026,07:00 PM,"The Panther Creek Valera varsity football team has an away non-conference game @ Blanket (Texas) on Thursday, August 27 @ 7p.","/tx/football/game/blanket-vs-panther-creek-valera/8-28-2026/?c=670835fc-d776-44f3-82b0-0aedd8ec891f","https://www.maxpreps.com/tx/football/game/blanket-vs-panther-creek-valera/8-28-2026/?c=670835fc-d776-44f3-82b0-0aedd8ec891f"
50,"Johnson San Antonio vs Judson Converse",Football,"Texas",08/28/2026,07:00 PM,"The Judson Converse varsity football team has an away non-conference game @ Johnson San Antonio (Texas) on Thursday, August 27 @ 7p.","/tx/football/game/johnson-san-antonio-vs-judson-converse/8-28-2026/?c=9eb78617-54b5-43b4-9ce3-a0e0bad310ef","https://www.maxpreps.com/tx/football/game/johnson-san-antonio-vs-judson-converse/8-28-2026/?c=9eb78617-54b5-43b4-9ce3-a0e0bad310ef"
51,"Austin Classical vs Grace Academy Georgetown",Football,"Texas",08/28/2026,07:00 PM,"The Grace Academy Georgetown varsity football team has an away non-conference game @ Austin Classical (Texas) on Thursday, August 27 @ 7p.","/tx/football/game/austin-classical-vs-grace-academy-georgetown/8-28-2026/?c=112622ee-a751-4703-999d-af4ba14ee5ae","https://www.maxpreps.com/tx/football/game/austin-classical-vs-grace-academy-georgetown/8-28-2026/?c=112622ee-a751-4703-999d-af4ba14ee5ae"
52,"Mt Pleasant vs Sulphur Springs",Football,"Texas",08/28/2026,07:00 PM,"The Sulphur Springs varsity football team has an away non-conference game @ Mt Pleasant (Texas) on Thursday, August 27 @ 7p.","/tx/football/game/mt-pleasant-vs-sulphur-springs/8-28-2026/?c=bfbaf396-a08d-407a-a355-ed8408f2281c","https://www.maxpreps.com/tx/football/game/mt-pleasant-vs-sulphur-springs/8-28-2026/?c=bfbaf396-a08d-407a-a355-ed8408f2281c"
53,"Austin vs Wagner San Antonio",Football,"Texas",08/28/2026,07:00 PM,"The Wagner San Antonio varsity football team has an away non-conference game @ Austin (Texas) on Thursday, August 27 @ 7p.","/tx/football/game/austin-vs-wagner-san-antonio/8-28-2026/?c=40526cf6-fbcf-4f5a-9a82-975bd3c70629","https://www.maxpreps.com/tx/football/game/austin-vs-wagner-san-antonio/8-28-2026/?c=40526cf6-fbcf-4f5a-9a82-975bd3c70629"
54,"Bremond vs Hamilton",Football,"Texas",08/28/2026,07:00 PM,"The Hamilton varsity football team has an away non-conference game @ Bremond (Texas) on Thursday, August 27 @ 7p.","/tx/football/game/bremond-vs-hamilton/8-28-2026/?c=28d693fa-0950-4d61-8fff-3a57a7af8f3b","https://www.maxpreps.com/tx/football/game/bremond-vs-hamilton/8-28-2026/?c=28d693fa-0950-4d61-8fff-3a57a7af8f3b"
55,"Allen Academy Bryan vs St Joseph Catholic Bryan",Football,"Texas",08/28/2026,07:00 PM,"The St Joseph Catholic Bryan varsity football team has an away non-conference game @ Allen Academy Bryan (Texas) on Thursday, August 27 @ 7p.","/tx/football/game/allen-academy-bryan-vs-st-joseph-catholic-bryan/8-28-2026/?c=77a32737-0d8f-46d7-a95f-d5c34726dd30","https://www.maxpreps.com/tx/football/game/allen-academy-bryan-vs-st-joseph-catholic-bryan/8-28-2026/?c=77a32737-0d8f-46d7-a95f-d5c34726dd30"
56,"Somerset vs Southside San Antonio",Football,"Texas",08/28/2026,07:00 PM,"The Southside San Antonio varsity football team has an away non-conference game @ Somerset (Texas) on Thursday, August 27 @ 7p.","/tx/football/game/somerset-vs-southside-san-antonio/8-28-2026/?c=4553458e-30d7-41b1-be7f-70003591f885","https://www.maxpreps.com/tx/football/game/somerset-vs-southside-san-antonio/8-28-2026/?c=4553458e-30d7-41b1-be7f-70003591f885"
57,"Athens vs Nacogdoches",Football,"Texas",08/28/2026,07:00 PM,"The Nacogdoches varsity football team has an away non-conference game @ Athens (Texas) on Thursday, August 27 @ 7p.","/tx/football/game/athens-vs-nacogdoches/8-28-2026/?c=f41ca847-8591-4476-8816-65a77de0f721","https://www.maxpreps.com/tx/football/game/athens-vs-nacogdoches/8-28-2026/?c=f41ca847-8591-4476-8816-65a77de0f721"
58,"Brennan San Antonio vs Vandegrift Austin",Football,"Texas",08/28/2026,07:00 PM,"The Vandegrift Austin varsity football team has an away non-conference game @ Brennan San Antonio (Texas) on Thursday, August 27 @ 7p.","/tx/football/game/brennan-san-antonio-vs-vandegrift-austin/8-28-2026/?c=438e6cba-642b-49c8-a937-fb0680db559a","https://www.maxpreps.com/tx/football/game/brennan-san-antonio-vs-vandegrift-austin/8-28-2026/?c=438e6cba-642b-49c8-a937-fb0680db559a"
59,"Southwest San Antonio vs Victoria East",Football,"Texas",08/28/2026,07:00 PM,"The Victoria East varsity football team has an away non-conference game @ Southwest San Antonio (Texas) on Thursday, August 27 @ 7p.","/tx/football/game/southwest-san-antonio-vs-victoria-east/8-28-2026/?c=32466cf3-e5dd-40f6-9610-3bb008f1bb80","https://www.maxpreps.com/tx/football/game/southwest-san-antonio-vs-victoria-east/8-28-2026/?c=32466cf3-e5dd-40f6-9610-3bb008f1bb80"
60,"Brock vs Springtown",Football,"Texas",08/28/2026,07:00 PM,"The Springtown varsity football team has an away non-conference game @ Brock (Texas) on Thursday, August 27 @ 7p.","/tx/football/game/brock-vs-springtown/8-28-2026/?c=739117ef-1f3d-4c7f-ba05-8ad3dcb9e89f","https://www.maxpreps.com/tx/football/game/brock-vs-springtown/8-28-2026/?c=739117ef-1f3d-4c7f-ba05-8ad3dcb9e89f"
61,"Hallsville vs Lindale",Football,"Texas",08/28/2026,07:00 PM,"The Lindale varsity football team has an away non-conference game @ Hallsville (Texas) on Thursday, August 27 @ 7p.","/tx/football/game/hallsville-vs-lindale/8-28-2026/?c=2d6409fe-7a3d-452b-9e93-4c0dbc25fa8c","https://www.maxpreps.com/tx/football/game/hallsville-vs-lindale/8-28-2026/?c=2d6409fe-7a3d-452b-9e93-4c0dbc25fa8c"
62,"Carthage vs Henderson",Football,"Texas",08/28/2026,07:00 PM,"The Henderson varsity football team has an away non-conference game @ Carthage (Texas) on Thursday, August 27 @ 7p.","/tx/football/game/carthage-vs-henderson/8-28-2026/?c=a19b3e96-e910-412a-a988-c309aa33b548","https://www.maxpreps.com/tx/football/game/carthage-vs-henderson/8-28-2026/?c=a19b3e96-e910-412a-a988-c309aa33b548"
63,"Hardin Jefferson Sour Lake vs Orangefield",Football,"Texas",08/28/2026,07:00 PM,"The Orangefield varsity football team has an away non-conference game @ Hardin Jefferson Sour Lake (Texas) on Thursday, August 27 @ 7p.","/tx/football/game/hardin-jefferson-sour-lake-vs-orangefield/8-28-2026/?c=efa898e0-6beb-495a-aee1-e4a65381bf5d","https://www.maxpreps.com/tx/football/game/hardin-jefferson-sour-lake-vs-orangefield/8-28-2026/?c=efa898e0-6beb-495a-aee1-e4a65381bf5d"
64,"Independence Frisco vs Roosevelt Dallas",Football,"Texas",08/28/2026,07:00 PM,"The Roosevelt Dallas varsity football team has an away non-conference game @ Independence Frisco (Texas) on Thursday, August 27 @ 7p.","/tx/football/game/independence-frisco-vs-roosevelt-dallas/8-28-2026/?c=bf6d1912-aa56-4562-bafa-dbc6ce1f017a","https://www.maxpreps.com/tx/football/game/independence-frisco-vs-roosevelt-dallas/8-28-2026/?c=bf6d1912-aa56-4562-bafa-dbc6ce1f017a"
65,"East Chambers Winnie vs Jasper",Football,"Texas",08/28/2026,07:00 PM,"The Jasper varsity football team has an away non-conference game @ East Chambers Winnie (Texas) on Thursday, August 27 @ 7p.","/tx/football/game/east-chambers-winnie-vs-jasper/8-28-2026/?c=1321892b-39ef-4e56-b6f4-1da8cc5b529c","https://www.maxpreps.com/tx/football/game/east-chambers-winnie-vs-jasper/8-28-2026/?c=1321892b-39ef-4e56-b6f4-1da8cc5b529c"
66,"Faith Academy Marble Falls vs Founders Classical Academy Leander",Football,"Texas",08/28/2026,07:00 PM,"The Founders Classical Academy Leander varsity football team has an away non-conference game @ Faith Academy Marble Falls (Texas) on Thursday, August 27 @ 7p.","/tx/football/game/faith-academy-marble-falls-vs-founders-classical-academy-leander/8-28-2026/?c=e2ba0065-5523-4674-89fd-f0ae7feb5a91","https://www.maxpreps.com/tx/football/game/faith-academy-marble-falls-vs-founders-classical-academy-leander/8-28-2026/?c=e2ba0065-5523-4674-89fd-f0ae7feb5a91"
67,"Coram Deo Academy Plano vs Oglesby",Football,"Texas",08/28/2026,07:00 PM,"The Oglesby varsity football team has an away non-conference game @ Coram Deo Academy Plano (Texas) on Thursday, August 27 @ 7p.","/tx/football/game/coram-deo-academy-plano-vs-oglesby/8-28-2026/?c=c7eec357-f092-4114-843f-da2e7df1524a","https://www.maxpreps.com/tx/football/game/coram-deo-academy-plano-vs-oglesby/8-28-2026/?c=c7eec357-f092-4114-843f-da2e7df1524a"
68,"Divine Savior Academy Sienna Missouri City vs Round Rock Christian Academy",Football,"Texas",08/28/2026,07:00 PM,"The Round Rock Christian Academy varsity football team has an away non-conference game @ Divine Savior Academy Sienna Missouri City (Texas) on Thursday, August 27 @ 7p.","/tx/football/game/divine-savior-academy-sienna-missouri-city-vs-round-rock-christian-academy/8-28-2026/?c=293d09f8-b51a-4f49-a553-8295a10ce373","https://www.maxpreps.com/tx/football/game/divine-savior-academy-sienna-missouri-city-vs-round-rock-christian-academy/8-28-2026/?c=293d09f8-b51a-4f49-a553-8295a10ce373"
69,"Bluff Dale vs Texas Wind Waco",Football,"Texas",08/28/2026,07:00 PM,"The Texas Wind Waco varsity football team has an away non-conference game @ Bluff Dale (Texas) on Thursday, August 27 @ 7p.","/tx/football/game/bluff-dale-vs-texas-wind-waco/8-28-2026/?c=925e23a1-40c5-409a-a153-36c1a947463b","https://www.maxpreps.com/tx/football/game/bluff-dale-vs-texas-wind-waco/8-28-2026/?c=925e23a1-40c5-409a-a153-36c1a947463b"
70,"A Plus Academy Dallas vs Diamond Hill Jarvis Fort Worth",Football,"Texas",08/28/2026,07:00 PM,"The Diamond Hill Jarvis Fort Worth varsity football team has an away non-conference game @ A Plus Academy Dallas (Texas) on Thursday, August 27 @ 7p.","/tx/football/game/a-plus-academy-dallas-vs-diamond-hill-jarvis-fort-worth/8-28-2026/?c=1d718c4e-7639-4974-89d9-4d89995b8ebb","https://www.maxpreps.com/tx/football/game/a-plus-academy-dallas-vs-diamond-hill-jarvis-fort-worth/8-28-2026/?c=1d718c4e-7639-4974-89d9-4d89995b8ebb"
71,"Fabens vs Van Horn",Football,"Texas",08/28/2026,07:00 PM,"The Van Horn varsity football team has an away non-conference game @ Fabens (Texas) on Thursday, August 27 @ 7p.","/tx/football/game/fabens-vs-van-horn/8-28-2026/?c=f137cffa-6d14-4d02-b144-731cf46704d3","https://www.maxpreps.com/tx/football/game/fabens-vs-van-horn/8-28-2026/?c=f137cffa-6d14-4d02-b144-731cf46704d3"
72,"Bryson vs Whiteface",Football,"Texas",08/28/2026,07:00 PM,"The Whiteface varsity football team has an away non-conference game @ Bryson (Texas) on Thursday, August 27 @ 7p.","/tx/football/game/bryson-vs-whiteface/8-28-2026/?c=34145e3f-bead-4b38-9c18-c0bd6b529827","https://www.maxpreps.com/tx/football/game/bryson-vs-whiteface/8-28-2026/?c=34145e3f-bead-4b38-9c18-c0bd6b529827"
73,"Bruni vs Hermleigh",Football,"Texas",08/28/2026,07:00 PM,"The Hermleigh varsity football team has an away non-conference game @ Bruni (Texas) on Thursday, August 27 @ 7p.","/tx/football/game/bruni-vs-hermleigh/8-28-2026/?c=e061f297-b1bc-47da-a6dc-6ffc9e2412f4","https://www.maxpreps.com/tx/football/game/bruni-vs-hermleigh/8-28-2026/?c=e061f297-b1bc-47da-a6dc-6ffc9e2412f4"
74,"Valor Leander vs Valor North Austin",Football,"Texas",08/28/2026,07:00 PM,"The Valor North Austin varsity football team has an away non-conference game @ Valor Leander (Texas) on Thursday, August 27 @ 7p.","/tx/football/game/valor-leander-vs-valor-north-austin/8-28-2026/?c=36b4cb43-6d85-42a3-879b-214bce1bcde5","https://www.maxpreps.com/tx/football/game/valor-leander-vs-valor-north-austin/8-28-2026/?c=36b4cb43-6d85-42a3-879b-214bce1bcde5"
75,"Burges El Paso vs Socorro El Paso",Football,"Texas",08/28/2026,07:00 PM,"The Socorro El Paso varsity football team has an away non-conference game @ Burges El Paso (Texas) on Thursday, August 27 @ 7p.","/tx/football/game/burges-el-paso-vs-socorro-el-paso/8-28-2026/?c=403624de-d10b-461c-9b98-4c32983b2e81","https://www.maxpreps.com/tx/football/game/burges-el-paso-vs-socorro-el-paso/8-28-2026/?c=403624de-d10b-461c-9b98-4c32983b2e81"
76,"Borger vs Hereford",Football,"Texas",08/28/2026,07:00 PM,"The Hereford varsity football team has an away non-conference game @ Borger (Texas) on Thursday, August 27 @ 7p.","/tx/football/game/borger-vs-hereford/8-28-2026/?c=b489e425-6683-4a19-ba56-1d732e73c51f","https://www.maxpreps.com/tx/football/game/borger-vs-hereford/8-28-2026/?c=b489e425-6683-4a19-ba56-1d732e73c51f"
77,"City View Wichita Falls vs Whitesboro",Football,"Texas",08/28/2026,07:00 PM,"The Whitesboro varsity football team has an away non-conference game @ City View Wichita Falls (Texas) on Thursday, August 27 @ 7p.","/tx/football/game/city-view-wichita-falls-vs-whitesboro/8-28-2026/?c=e580de8a-822f-4f9f-8b32-fd998e7aa6cc","https://www.maxpreps.com/tx/football/game/city-view-wichita-falls-vs-whitesboro/8-28-2026/?c=e580de8a-822f-4f9f-8b32-fd998e7aa6cc"
78,"Jacksboro vs Millsap",Football,"Texas",08/28/2026,07:00 PM,"The Millsap varsity football team has an away non-conference game @ Jacksboro (Texas) on Thursday, August 27 @ 7p.","/tx/football/game/jacksboro-vs-millsap/8-28-2026/?c=3e925d8f-bce0-4ed2-b360-bd7592dc37ad","https://www.maxpreps.com/tx/football/game/jacksboro-vs-millsap/8-28-2026/?c=3e925d8f-bce0-4ed2-b360-bd7592dc37ad"
79,"Peaster vs Pilot Point",Football,"Texas",08/28/2026,07:00 PM,"The Pilot Point varsity football team has an away non-conference game @ Peaster (Texas) on Thursday, August 27 @ 7p.","/tx/football/game/peaster-vs-pilot-point/8-28-2026/?c=f83b5a61-e4c0-47c7-a676-463b9e257314","https://www.maxpreps.com/tx/football/game/peaster-vs-pilot-point/8-28-2026/?c=f83b5a61-e4c0-47c7-a676-463b9e257314"
80,"Godley vs Graham",Football,"Texas",08/28/2026,07:00 PM,"The Graham varsity football team has an away non-conference game @ Godley (Texas) on Thursday, August 27 @ 7p.","/tx/football/game/godley-vs-graham/8-28-2026/?c=b7a1df63-de54-4b52-b0e5-8e150ef3f072","https://www.maxpreps.com/tx/football/game/godley-vs-graham/8-28-2026/?c=b7a1df63-de54-4b52-b0e5-8e150ef3f072"
81,"Heights Houston vs Westfield Houston",Football,"Texas",08/28/2026,07:00 PM,"The Westfield Houston varsity football team has an away non-conference game @ Heights Houston (Texas) on Thursday, August 27 @ 7p.","/tx/football/game/heights-houston-vs-westfield-houston/8-28-2026/?c=82a9ed2b-93c4-4f1f-bbfd-4e1700c8cc9f","https://www.maxpreps.com/tx/football/game/heights-houston-vs-westfield-houston/8-28-2026/?c=82a9ed2b-93c4-4f1f-bbfd-4e1700c8cc9f"
82,"North Garland vs Princeton",Football,"Texas",08/28/2026,07:00 PM,"The Princeton varsity football team has an away non-conference game @ North Garland (Texas) on Thursday, August 27 @ 7p.","/tx/football/game/north-garland-vs-princeton/8-28-2026/?c=ba781d52-a93e-4d36-bafb-26437ca0e5d1","https://www.maxpreps.com/tx/football/game/north-garland-vs-princeton/8-28-2026/?c=ba781d52-a93e-4d36-bafb-26437ca0e5d1"
83,"Mansfield Timberview Arlington vs West Mesquite",Football,"Texas",08/28/2026,07:00 PM,"The West Mesquite varsity football team has an away non-conference game @ Mansfield Timberview Arlington (Texas) on Thursday, August 27 @ 7p.","/tx/football/game/mansfield-timberview-arlington-vs-west-mesquite/8-28-2026/?c=12958655-d365-49d4-b15d-1cb9592dcb95","https://www.maxpreps.com/tx/football/game/mansfield-timberview-arlington-vs-west-mesquite/8-28-2026/?c=12958655-d365-49d4-b15d-1cb9592dcb95"
84,"Miles vs Sonora",Football,"Texas",08/28/2026,07:00 PM,"The Sonora varsity football team has an away non-conference game @ Miles (Texas) on Thursday, August 27 @ 7p.","/tx/football/game/miles-vs-sonora/8-28-2026/?c=9bb2b5a2-812d-4ffc-9cd8-8092317a0242","https://www.maxpreps.com/tx/football/game/miles-vs-sonora/8-28-2026/?c=9bb2b5a2-812d-4ffc-9cd8-8092317a0242"
85,"Happy vs Nazareth",Football,"Texas",08/28/2026,07:00 PM,"The Nazareth varsity football team has an away non-conference game @ Happy (Texas) on Thursday, August 27 @ 7p.","/tx/football/game/happy-vs-nazareth/8-28-2026/?c=5eba6f6b-b09a-480e-a9bf-c99d4e0fb4a4","https://www.maxpreps.com/tx/football/game/happy-vs-nazareth/8-28-2026/?c=5eba6f6b-b09a-480e-a9bf-c99d4e0fb4a4"
86,"Ballinger vs Eastland",Football,"Texas",08/28/2026,07:00 PM,"The Eastland varsity football team has an away non-conference game @ Ballinger (Texas) on Thursday, August 27 @ 7p.","/tx/football/game/ballinger-vs-eastland/8-28-2026/?c=57ae16c8-fdc9-45fc-92de-bb69bf56e338","https://www.maxpreps.com/tx/football/game/ballinger-vs-eastland/8-28-2026/?c=57ae16c8-fdc9-45fc-92de-bb69bf56e338"
87,"Bartlett vs Texas Legacy Football Academy Georgetown",Football,"Texas",08/28/2026,07:00 PM,"The Texas Legacy Football Academy Georgetown varsity football team has an away non-conference game @ Bartlett (Texas) on Thursday, August 27 @ 7p.","/tx/football/game/bartlett-vs-texas-legacy-football-academy-georgetown/8-28-2026/?c=3eed7add-1840-49f6-8ebc-5c395f9d55d4","https://www.maxpreps.com/tx/football/game/bartlett-vs-texas-legacy-football-academy-georgetown/8-28-2026/?c=3eed7add-1840-49f6-8ebc-5c395f9d55d4"
88,"Hitchcock vs Stafford",Football,"Texas",08/28/2026,07:00 PM,"The Stafford varsity football team has an away non-conference game @ Hitchcock (Texas) on Thursday, August 27 @ 7p.","/tx/football/game/hitchcock-vs-stafford/8-28-2026/?c=07a6cc5c-d9c1-4615-9bf8-e2057f9f9d62","https://www.maxpreps.com/tx/football/game/hitchcock-vs-stafford/8-28-2026/?c=07a6cc5c-d9c1-4615-9bf8-e2057f9f9d62"
89,"Seguin Arlington vs Terrell",Football,"Texas",08/28/2026,07:00 PM,"The Terrell varsity football team has an away non-conference game @ Seguin Arlington (Texas) on Thursday, August 27 @ 7p.","/tx/football/game/seguin-arlington-vs-terrell/8-28-2026/?c=9b0d90a7-b20e-4b64-b869-0ccbec4a62af","https://www.maxpreps.com/tx/football/game/seguin-arlington-vs-terrell/8-28-2026/?c=9b0d90a7-b20e-4b64-b869-0ccbec4a62af"
90,"Alto vs Groveton",Football,"Texas",08/28/2026,07:00 PM,"The Groveton varsity football team has an away non-conference game @ Alto (Texas) on Thursday, August 27 @ 7p.","/tx/football/game/alto-vs-groveton/8-28-2026/?c=82699b33-33ae-466e-969d-7160db09eecd","https://www.maxpreps.com/tx/football/game/alto-vs-groveton/8-28-2026/?c=82699b33-33ae-466e-969d-7160db09eecd"
91,"Bonham vs Inspired Vision Dallas",Football,"Texas",08/28/2026,07:00 PM,"The Inspired Vision Dallas varsity football team has an away non-conference game @ Bonham (Texas) on Thursday, August 27 @ 7p.","/tx/football/game/bonham-vs-inspired-vision-dallas/8-28-2026/?c=cc6a6fef-9494-4e3a-9c0a-95aae5979e23","https://www.maxpreps.com/tx/football/game/bonham-vs-inspired-vision-dallas/8-28-2026/?c=cc6a6fef-9494-4e3a-9c0a-95aae5979e23"
92,"Daingerfield vs Gladewater",Football,"Texas",08/28/2026,07:00 PM,"The Gladewater varsity football team has an away non-conference game @ Daingerfield (Texas) on Thursday, August 27 @ 7p.","/tx/football/game/daingerfield-vs-gladewater/8-28-2026/?c=eeef8d41-7a58-4eab-80dc-a5446d1a6964","https://www.maxpreps.com/tx/football/game/daingerfield-vs-gladewater/8-28-2026/?c=eeef8d41-7a58-4eab-80dc-a5446d1a6964"
93,"Blooming Grove vs Frost",Football,"Texas",08/28/2026,07:00 PM,"The Frost varsity football team has an away non-conference game @ Blooming Grove (Texas) on Thursday, August 27 @ 7p.","/tx/football/game/blooming-grove-vs-frost/8-28-2026/?c=b1a6ac14-3b90-481f-aefb-456f695fd9dc","https://www.maxpreps.com/tx/football/game/blooming-grove-vs-frost/8-28-2026/?c=b1a6ac14-3b90-481f-aefb-456f695fd9dc"
94,"Elkhart vs Grapeland",Football,"Texas",08/28/2026,07:00 PM,"The Grapeland varsity football team has an away non-conference game @ Elkhart (Texas) on Thursday, August 27 @ 7p.","/tx/football/game/elkhart-vs-grapeland/8-28-2026/?c=1e9a75b3-035f-4941-92c2-bd134dc93844","https://www.maxpreps.com/tx/football/game/elkhart-vs-grapeland/8-28-2026/?c=1e9a75b3-035f-4941-92c2-bd134dc93844"
95,"Clarksville vs Whitewright",Football,"Texas",08/28/2026,07:00 PM,"The Whitewright varsity football team has an away non-conference game @ Clarksville (Texas) on Thursday, August 27 @ 7p.","/tx/football/game/clarksville-vs-whitewright/8-28-2026/?c=90213b9e-5f88-4849-a7ae-3075e0ac5ed2","https://www.maxpreps.com/tx/football/game/clarksville-vs-whitewright/8-28-2026/?c=90213b9e-5f88-4849-a7ae-3075e0ac5ed2"
96,"Beaumont United vs Lumberton",Football,"Texas",08/28/2026,07:00 PM,"The Lumberton varsity football team has an away non-conference game @ Beaumont United (Texas) on Thursday, August 27 @ 7p.","/tx/football/game/beaumont-united-vs-lumberton/8-28-2026/?c=d03dd41b-812b-4c13-8a8f-154df8ec379a","https://www.maxpreps.com/tx/football/game/beaumont-united-vs-lumberton/8-28-2026/?c=d03dd41b-812b-4c13-8a8f-154df8ec379a"
97,"Salado vs Troy",Football,"Texas",08/28/2026,07:00 PM,"The Troy varsity football team has an away non-conference game @ Salado (Texas) on Thursday, August 27 @ 7p.","/tx/football/game/salado-vs-troy/8-28-2026/?c=427b2e93-9098-4adf-847e-7dcb96be343b","https://www.maxpreps.com/tx/football/game/salado-vs-troy/8-28-2026/?c=427b2e93-9098-4adf-847e-7dcb96be343b"
98,"Fort Bend Kempner Sugar Land vs Westside Houston",Football,"Texas",08/28/2026,07:00 PM,"The Westside Houston varsity football team has an away non-conference game @ Fort Bend Kempner Sugar Land (Texas) on Thursday, August 27 @ 7p.","/tx/football/game/fort-bend-kempner-sugar-land-vs-westside-houston/8-28-2026/?c=7fc94124-d73a-41ec-a247-6e43dd7faae3","https://www.maxpreps.com/tx/football/game/fort-bend-kempner-sugar-land-vs-westside-houston/8-28-2026/?c=7fc94124-d73a-41ec-a247-6e43dd7faae3"
99,"El Paso Leadership Academy East vs Immanuel Christian El Paso",Football,"Texas",08/28/2026,07:00 PM,"The Immanuel Christian El Paso varsity football team has an away non-conference game @ El Paso Leadership Academy East (Texas) on Thursday, August 27 @ 7p.","/tx/football/game/el-paso-leadership-academy-east-vs-immanuel-christian-el-paso/8-28-2026/?c=daa28b22-768c-43ff-aede-f0f1e0c19226","https://www.maxpreps.com/tx/football/game/el-paso-leadership-academy-east-vs-immanuel-christian-el-paso/8-28-2026/?c=daa28b22-768c-43ff-aede-f0f1e0c19226"
100,"Buna vs Kountze",Football,"Texas",08/28/2026,07:00 PM,"The Kountze varsity football team has an away non-conference game @ Buna (Texas) on Thursday, August 27 @ 7p.","/tx/football/game/buna-vs-kountze/8-28-2026/?c=ea990149-5dba-43aa-974a-2b43565c542d","https://www.maxpreps.com/tx/football/game/buna-vs-kountze/8-28-2026/?c=ea990149-5dba-43aa-974a-2b43565c542d"
101,"Boles Quinlan vs Bowie Simms",Football,"Texas",08/28/2026,07:00 PM,"The Bowie Simms varsity football team has an away non-conference game @ Boles Quinlan (Texas) on Thursday, August 27 @ 7p.","/tx/football/game/boles-quinlan-vs-bowie-simms/8-28-2026/?c=548c8cc5-42e7-4d44-8a76-86b691d2f50f","https://www.maxpreps.com/tx/football/game/boles-quinlan-vs-bowie-simms/8-28-2026/?c=548c8cc5-42e7-4d44-8a76-86b691d2f50f"
102,"Hemphill vs West Hardin Saratoga",Football,"Texas",08/28/2026,07:00 PM,"The West Hardin Saratoga varsity football team has an away non-conference game @ Hemphill (Texas) on Thursday, August 27 @ 7p.","/tx/football/game/hemphill-vs-west-hardin-saratoga/8-28-2026/?c=026da71b-f0a7-4ba7-90b1-117b585467bd","https://www.maxpreps.com/tx/football/game/hemphill-vs-west-hardin-saratoga/8-28-2026/?c=026da71b-f0a7-4ba7-90b1-117b585467bd"
103,"Anson vs Post",Football,"Texas",08/28/2026,07:00 PM,"The Post varsity football team has an away non-conference game @ Anson (Texas) on Thursday, August 27 @ 7p.","/tx/football/game/anson-vs-post/8-28-2026/?c=ee1bda65-c7d7-432a-b3f5-08b6c160e633","https://www.maxpreps.com/tx/football/game/anson-vs-post/8-28-2026/?c=ee1bda65-c7d7-432a-b3f5-08b6c160e633"
104,"Elysian Fields vs Hawkins",Football,"Texas",08/28/2026,07:00 PM,"The Hawkins varsity football team has an away non-conference game @ Elysian Fields (Texas) on Thursday, August 27 @ 7p.","/tx/football/game/elysian-fields-vs-hawkins/8-28-2026/?c=da0dc439-c358-4658-a410-1828180655be","https://www.maxpreps.com/tx/football/game/elysian-fields-vs-hawkins/8-28-2026/?c=da0dc439-c358-4658-a410-1828180655be"
105,"Pearce Richardson vs Wylie",Football,"Texas",08/28/2026,07:00 PM,"The Wylie varsity football team has an away non-conference game @ Pearce Richardson (Texas) on Thursday, August 27 @ 7p.","/tx/football/game/pearce-richardson-vs-wylie/8-28-2026/?c=a093c14c-08a1-4966-a1cb-7d367f6fea25","https://www.maxpreps.com/tx/football/game/pearce-richardson-vs-wylie/8-28-2026/?c=a093c14c-08a1-4966-a1cb-7d367f6fea25"
106,"Lockhart vs Marble Falls",Football,"Texas",08/28/2026,07:00 PM,"The Marble Falls varsity football team has an away non-conference game @ Lockhart (Texas) on Thursday, August 27 @ 7p.","/tx/football/game/lockhart-vs-marble-falls/8-28-2026/?c=533f63cd-ec50-48b6-92af-fca828099153","https://www.maxpreps.com/tx/football/game/lockhart-vs-marble-falls/8-28-2026/?c=533f63cd-ec50-48b6-92af-fca828099153"
107,"Bel Air El Paso vs Eastwood El Paso",Football,"Texas",08/28/2026,07:00 PM,"The Eastwood El Paso varsity football team has an away non-conference game @ Bel Air El Paso (Texas) on Thursday, August 27 @ 7p.","/tx/football/game/bel-air-el-paso-vs-eastwood-el-paso/8-28-2026/?c=9595f721-4c25-483f-acf7-28072cecd25c","https://www.maxpreps.com/tx/football/game/bel-air-el-paso-vs-eastwood-el-paso/8-28-2026/?c=9595f721-4c25-483f-acf7-28072cecd25c"
108,"Ranchview Irving vs Turner Carrollton",Football,"Texas",08/28/2026,07:00 PM,"The Turner Carrollton varsity football team has an away non-conference game @ Ranchview Irving (Texas) on Thursday, August 27 @ 7p.","/tx/football/game/ranchview-irving-vs-turner-carrollton/8-28-2026/?c=d6d47f5f-1680-4669-8727-d1365f1454b3","https://www.maxpreps.com/tx/football/game/ranchview-irving-vs-turner-carrollton/8-28-2026/?c=d6d47f5f-1680-4669-8727-d1365f1454b3"
109,"Abernathy vs Denver City",Football,"Texas",08/28/2026,07:00 PM,"The Denver City varsity football team has an away non-conference game @ Abernathy (Texas) on Thursday, August 27 @ 7p.","/tx/football/game/abernathy-vs-denver-city/8-28-2026/?c=4c87753d-21b0-4c6b-b612-c05f67e17813","https://www.maxpreps.com/tx/football/game/abernathy-vs-denver-city/8-28-2026/?c=4c87753d-21b0-4c6b-b612-c05f67e17813"
110,"Eastern Hills Fort Worth vs Polytechnic Fort Worth",Football,"Texas",08/28/2026,07:00 PM,"The Polytechnic Fort Worth varsity football team has an away non-conference game @ Eastern Hills Fort Worth (Texas) on Thursday, August 27 @ 7p.","/tx/football/game/eastern-hills-fort-worth-vs-polytechnic-fort-worth/8-28-2026/?c=527d3913-f1fe-4264-9280-7621eb5d65d9","https://www.maxpreps.com/tx/football/game/eastern-hills-fort-worth-vs-polytechnic-fort-worth/8-28-2026/?c=527d3913-f1fe-4264-9280-7621eb5d65d9"
111,"Brownwood vs Wylie Abilene",Football,"Texas",08/28/2026,07:00 PM,"The Wylie Abilene varsity football team has an away non-conference game @ Brownwood (Texas) on Thursday, August 27 @ 7p.","/tx/football/game/brownwood-vs-wylie-abilene/8-28-2026/?c=2e42c729-ce1d-4c1e-8dca-3118271c35f7","https://www.maxpreps.com/tx/football/game/brownwood-vs-wylie-abilene/8-28-2026/?c=2e42c729-ce1d-4c1e-8dca-3118271c35f7"
112,"Cleburne vs Weatherford",Football,"Texas",08/28/2026,07:00 PM,"The Weatherford varsity football team has an away non-conference game @ Cleburne (Texas) on Thursday, August 27 @ 7p.","/tx/football/game/cleburne-vs-weatherford/8-28-2026/?c=f0dad774-c425-4132-944e-425fcb97e9a6","https://www.maxpreps.com/tx/football/game/cleburne-vs-weatherford/8-28-2026/?c=f0dad774-c425-4132-944e-425fcb97e9a6"
113,"Groom vs White Deer",Football,"Texas",08/28/2026,07:00 PM,"The White Deer varsity football team has an away non-conference game @ Groom (Texas) on Thursday, August 27 @ 7p.","/tx/football/game/groom-vs-white-deer/8-28-2026/?c=4f72662b-4ca3-4e57-8c40-ce7af3d0caac","https://www.maxpreps.com/tx/football/game/groom-vs-white-deer/8-28-2026/?c=4f72662b-4ca3-4e57-8c40-ce7af3d0caac"
114,"Big Spring vs Ysleta El Paso",Football,"Texas",08/28/2026,07:00 PM,"The Ysleta El Paso varsity football team has an away non-conference game @ Big Spring (Texas) on Thursday, August 27 @ 7p.","/tx/football/game/big-spring-vs-ysleta-el-paso/8-28-2026/?c=371c79d1-5d70-41d5-8298-de0e69841be4","https://www.maxpreps.com/tx/football/game/big-spring-vs-ysleta-el-paso/8-28-2026/?c=371c79d1-5d70-41d5-8298-de0e69841be4"
115,"Clarendon vs Vega",Football,"Texas",08/28/2026,07:00 PM,"The Vega varsity football team has an away non-conference game @ Clarendon (Texas) on Thursday, August 27 @ 7p.","/tx/football/game/clarendon-vs-vega/8-28-2026/?c=b50c0220-e1fa-4958-815e-c1f6813dc271","https://www.maxpreps.com/tx/football/game/clarendon-vs-vega/8-28-2026/?c=b50c0220-e1fa-4958-815e-c1f6813dc271"
116,"Coleman vs Grape Creek San Angelo",Football,"Texas",08/28/2026,07:00 PM,"The Grape Creek San Angelo varsity football team has an away non-conference game @ Coleman (Texas) on Thursday, August 27 @ 7p.","/tx/football/game/coleman-vs-grape-creek-san-angelo/8-28-2026/?c=f40996a5-2468-4775-989b-9a210ba61841","https://www.maxpreps.com/tx/football/game/coleman-vs-grape-creek-san-angelo/8-28-2026/?c=f40996a5-2468-4775-989b-9a210ba61841"
117,"Amarillo vs Palo Duro Amarillo",Football,"Texas",08/28/2026,07:00 PM,"The Palo Duro Amarillo varsity football team has an away non-conference game @ Amarillo (Texas) on Thursday, August 27 @ 7p.","/tx/football/game/amarillo-vs-palo-duro-amarillo/8-28-2026/?c=06eb3483-703e-424d-b27c-5657452e7333","https://www.maxpreps.com/tx/football/game/amarillo-vs-palo-duro-amarillo/8-28-2026/?c=06eb3483-703e-424d-b27c-5657452e7333"
118,"Wall vs West Plains Amarillo",Football,"Texas",08/28/2026,07:00 PM,"The West Plains Amarillo varsity football team has an away non-conference game @ Wall (Texas) on Thursday, August 27 @ 7p.","/tx/football/game/wall-vs-west-plains-amarillo/8-28-2026/?c=0b9d93a8-60d1-48d6-b756-a994446a5078","https://www.maxpreps.com/tx/football/game/wall-vs-west-plains-amarillo/8-28-2026/?c=0b9d93a8-60d1-48d6-b756-a994446a5078"
119,"Boyd vs Tolar",Football,"Texas",08/28/2026,07:00 PM,"The Tolar varsity football team has an away non-conference game @ Boyd (Texas) on Thursday, August 27 @ 7p.","/tx/football/game/boyd-vs-tolar/8-28-2026/?c=b2788114-c018-462c-b0d5-35f9a03d08b2","https://www.maxpreps.com/tx/football/game/boyd-vs-tolar/8-28-2026/?c=b2788114-c018-462c-b0d5-35f9a03d08b2"
120,"Berkner Richardson vs Trinity Euless",Football,"Texas",08/28/2026,07:00 PM,"The Trinity Euless varsity football team has an away non-conference game @ Berkner Richardson (Texas) on Thursday, August 27 @ 7p.","/tx/football/game/berkner-richardson-vs-trinity-euless/8-28-2026/?c=fc48916e-1e86-4b69-b4dd-84c74dbcb89b","https://www.maxpreps.com/tx/football/game/berkner-richardson-vs-trinity-euless/8-28-2026/?c=fc48916e-1e86-4b69-b4dd-84c74dbcb89b"
121,"Corsicana vs Irving",Football,"Texas",08/28/2026,07:00 PM,"The Irving varsity football team has an away non-conference game @ Corsicana (Texas) on Thursday, August 27 @ 7p.","/tx/football/game/corsicana-vs-irving/8-28-2026/?c=af287670-c1c8-4306-8221-b883f79e3d7e","https://www.maxpreps.com/tx/football/game/corsicana-vs-irving/8-28-2026/?c=af287670-c1c8-4306-8221-b883f79e3d7e"
122,"Denison vs Sherman",Football,"Texas",08/28/2026,07:00 PM,"The Sherman varsity football team has an away non-conference game @ Denison (Texas) on Thursday, August 27 @ 7p.","/tx/football/game/denison-vs-sherman/8-28-2026/?c=b67b7c30-3192-4bc6-8609-938783f75ba4","https://www.maxpreps.com/tx/football/game/denison-vs-sherman/8-28-2026/?c=b67b7c30-3192-4bc6-8609-938783f75ba4"
123,"Olton vs Roosevelt Lubbock",Football,"Texas",08/28/2026,07:00 PM,"The Roosevelt Lubbock varsity football team has an away non-conference game @ Olton (Texas) on Thursday, August 27 @ 7p.","/tx/football/game/olton-vs-roosevelt-lubbock/8-28-2026/?c=6764e5c6-0a61-4b56-88c8-c8d6eb09cc87","https://www.maxpreps.com/tx/football/game/olton-vs-roosevelt-lubbock/8-28-2026/?c=6764e5c6-0a61-4b56-88c8-c8d6eb09cc87"
124,"Centennial Burleson vs Weatherford",Football,"Texas",08/28/2026,07:00 PM,"The Weatherford varsity football team has an away non-conference game @ Centennial Burleson (Texas) on Thursday, August 27 @ 7p.","/tx/football/game/centennial-burleson-vs-weatherford/8-28-2026/?c=cdf35e47-54ef-429a-abb5-e0973a4ef0a4","https://www.maxpreps.com/tx/football/game/centennial-burleson-vs-weatherford/8-28-2026/?c=cdf35e47-54ef-429a-abb5-e0973a4ef0a4"
125,"Aubrey vs Richland Prosper",Football,"Texas",08/28/2026,07:00 PM,"The Richland Prosper varsity football team has an away non-conference game @ Aubrey (Texas) on Thursday, August 27 @ 7p.","/tx/football/game/aubrey-vs-richland-prosper/8-28-2026/?c=0f553339-be36-45ad-a99c-7f20bedd2118","https://www.maxpreps.com/tx/football/game/aubrey-vs-richland-prosper/8-28-2026/?c=0f553339-be36-45ad-a99c-7f20bedd2118"
126,"Lamesa vs Littlefield",Football,"Texas",08/28/2026,07:00 PM,"The Littlefield varsity football team has an away non-conference game @ Lamesa (Texas) on Thursday, August 27 @ 7p.","/tx/football/game/lamesa-vs-littlefield/8-28-2026/?c=a427dd5d-ea80-4833-ba43-afc8e6fa1781","https://www.maxpreps.com/tx/football/game/lamesa-vs-littlefield/8-28-2026/?c=a427dd5d-ea80-4833-ba43-afc8e6fa1781"
127,"Glen Rose vs Grandview",Football,"Texas",08/28/2026,07:00 PM,"The Grandview varsity football team has an away non-conference game @ Glen Rose (Texas) on Thursday, August 27 @ 7p.","/tx/football/game/glen-rose-vs-grandview/8-28-2026/?c=58038fb7-72ab-43a5-8f1f-7a09959e63a6","https://www.maxpreps.com/tx/football/game/glen-rose-vs-grandview/8-28-2026/?c=58038fb7-72ab-43a5-8f1f-7a09959e63a6"
128,"Baird vs Texas Leadership Charter Academy Abilene",Football,"Texas",08/28/2026,07:00 PM,"The Texas Leadership Charter Academy Abilene varsity football team has an away non-conference game @ Baird (Texas) on Thursday, August 27 @ 7p.","/tx/football/game/baird-vs-texas-leadership-charter-academy-abilene/8-28-2026/?c=5ea3a473-dd37-46c8-b0b6-e55bb403621c","https://www.maxpreps.com/tx/football/game/baird-vs-texas-leadership-charter-academy-abilene/8-28-2026/?c=5ea3a473-dd37-46c8-b0b6-e55bb403621c"
129,"Buena Vista Imperial vs Irion County Mertzon",Football,"Texas",08/28/2026,07:00 PM,"The Irion County Mertzon varsity football team has an away non-conference game @ Buena Vista Imperial (Texas) on Thursday, August 27 @ 7p.","/tx/football/game/buena-vista-imperial-vs-irion-county-mertzon/8-28-2026/?c=e5ee3705-91a5-4830-bfd3-52f5e65ffbed","https://www.maxpreps.com/tx/football/game/buena-vista-imperial-vs-irion-county-mertzon/8-28-2026/?c=e5ee3705-91a5-4830-bfd3-52f5e65ffbed"
130,"Dhanis vs Veritas Academy Austin",Football,"Texas",08/28/2026,07:00 PM,"The Veritas Academy Austin varsity football team has an away non-conference game @ Dhanis (Texas) on Thursday, August 27 @ 7p.","/tx/football/game/dhanis-vs-veritas-academy-austin/8-28-2026/?c=9f8ce6d6-fae4-4e31-93c5-840275e5b1e9","https://www.maxpreps.com/tx/football/game/dhanis-vs-veritas-academy-austin/8-28-2026/?c=9f8ce6d6-fae4-4e31-93c5-840275e5b1e9"
131,"Spearman vs Wellington Skyrockets",Football,"Texas",08/28/2026,07:00 PM,"The Wellington Skyrockets varsity football team has an away non-conference game @ Spearman (Texas) on Thursday, August 27 @ 7p.","/tx/football/game/spearman-vs-wellington-skyrockets/8-28-2026/?c=dca07380-d355-4e80-baa8-b604df9323b7","https://www.maxpreps.com/tx/football/game/spearman-vs-wellington-skyrockets/8-28-2026/?c=dca07380-d355-4e80-baa8-b604df9323b7"
132,"Booker vs Miami",Football,"Texas",08/28/2026,07:00 PM,"The Miami varsity football team has an away non-conference game @ Booker (Texas) on Thursday, August 27 @ 7p.","/tx/football/game/booker-vs-miami/8-28-2026/?c=17f490b8-de2d-4cd2-af68-6cebee029e1a","https://www.maxpreps.com/tx/football/game/booker-vs-miami/8-28-2026/?c=17f490b8-de2d-4cd2-af68-6cebee029e1a"
133,"Hale Center vs Seymour",Football,"Texas",08/28/2026,07:00 PM,"The Seymour varsity football team has an away non-conference game @ Hale Center (Texas) on Thursday, August 27 @ 7p.","/tx/football/game/hale-center-vs-seymour/8-28-2026/?c=52c80276-3a57-4efb-a57a-06d15230f6d0","https://www.maxpreps.com/tx/football/game/hale-center-vs-seymour/8-28-2026/?c=52c80276-3a57-4efb-a57a-06d15230f6d0"
134,"Henrietta vs Iowa Park",Football,"Texas",08/28/2026,07:00 PM,"The Iowa Park varsity football team has an away non-conference game @ Henrietta (Texas) on Thursday, August 27 @ 7p.","/tx/football/game/henrietta-vs-iowa-park/8-28-2026/?c=bdfe62f5-772f-4253-a81a-d9d579b9f6a7","https://www.maxpreps.com/tx/football/game/henrietta-vs-iowa-park/8-28-2026/?c=bdfe62f5-772f-4253-a81a-d9d579b9f6a7"
135,"Permian Odessa vs Tascosa Amarillo",Football,"Texas",08/28/2026,07:00 PM,"The Tascosa Amarillo varsity football team has an away non-conference game @ Permian Odessa (Texas) on Thursday, August 27 @ 7p.","/tx/football/game/permian-odessa-vs-tascosa-amarillo/8-28-2026/?c=52b81cb3-eb95-4025-9f54-65f1a2fc7dd8","https://www.maxpreps.com/tx/football/game/permian-odessa-vs-tascosa-amarillo/8-28-2026/?c=52b81cb3-eb95-4025-9f54-65f1a2fc7dd8"
136,"Chapin El Paso vs Franklin El Paso",Football,"Texas",08/28/2026,07:00 PM,"The Franklin El Paso varsity football team has an away non-conference game @ Chapin El Paso (Texas) on Thursday, August 27 @ 7p.","/tx/football/game/chapin-el-paso-vs-franklin-el-paso/8-28-2026/?c=8c36e412-38dc-4adc-8812-42cef28b3d53","https://www.maxpreps.com/tx/football/game/chapin-el-paso-vs-franklin-el-paso/8-28-2026/?c=8c36e412-38dc-4adc-8812-42cef28b3d53"
137,"Holliday vs Windthorst",Football,"Texas",08/28/2026,07:00 PM,"The Windthorst varsity football team has an away non-conference game @ Holliday (Texas) on Thursday, August 27 @ 7p.","/tx/football/game/holliday-vs-windthorst/8-28-2026/?c=f0f5b40d-bba7-4c22-9998-fe5126575a9b","https://www.maxpreps.com/tx/football/game/holliday-vs-windthorst/8-28-2026/?c=f0f5b40d-bba7-4c22-9998-fe5126575a9b"
138,"Childress vs Shallowater",Football,"Texas",08/28/2026,07:00 PM,"The Shallowater varsity football team has an away non-conference game @ Childress (Texas) on Thursday, August 27 @ 7p.","/tx/football/game/childress-vs-shallowater/8-28-2026/?c=53650302-419e-40e0-afeb-2fbdae2f3e91","https://www.maxpreps.com/tx/football/game/childress-vs-shallowater/8-28-2026/?c=53650302-419e-40e0-afeb-2fbdae2f3e91"
139,"Cleburne vs Granbury",Football,"Texas",08/28/2026,07:00 PM,"The Granbury varsity football team has an away non-conference game @ Cleburne (Texas) on Thursday, August 27 @ 7p.","/tx/football/game/cleburne-vs-granbury/8-28-2026/?c=ac51ee54-401f-4d74-b046-c69fbaf8dddf","https://www.maxpreps.com/tx/football/game/cleburne-vs-granbury/8-28-2026/?c=ac51ee54-401f-4d74-b046-c69fbaf8dddf"
140,"Emerson Mckinney vs Garland",Football,"Texas",08/28/2026,07:00 PM,"The Garland varsity football team has an away non-conference game @ Emerson Mckinney (Texas) on Thursday, August 27 @ 7p.","/tx/football/game/emerson-mckinney-vs-garland/8-28-2026/?c=12df69e3-801a-4eb5-84f4-2f8b41bca976","https://www.maxpreps.com/tx/football/game/emerson-mckinney-vs-garland/8-28-2026/?c=12df69e3-801a-4eb5-84f4-2f8b41bca976"
141,"Anna vs Colleyville Heritage",Football,"Texas",08/28/2026,07:00 PM,"The Colleyville Heritage varsity football team has an away non-conference game @ Anna (Texas) on Thursday, August 27 @ 7p.","/tx/football/game/anna-vs-colleyville-heritage/8-28-2026/?c=e489e088-1fba-437f-b5a0-8a2711f2b9e5","https://www.maxpreps.com/tx/football/game/anna-vs-colleyville-heritage/8-28-2026/?c=e489e088-1fba-437f-b5a0-8a2711f2b9e5"
142,"Chisum Paris vs Wolfe City",Football,"Texas",08/28/2026,07:00 PM,"The Wolfe City varsity football team has an away non-conference game @ Chisum Paris (Texas) on Thursday, August 27 @ 7p.","/tx/football/game/chisum-paris-vs-wolfe-city/8-28-2026/?c=cba8919d-b798-463b-b8d5-caec89042e8a","https://www.maxpreps.com/tx/football/game/chisum-paris-vs-wolfe-city/8-28-2026/?c=cba8919d-b798-463b-b8d5-caec89042e8a"
143,"Cypress Christian Houston vs Village Houston",Football,"Texas",08/28/2026,07:00 PM,"The Village Houston varsity football team has an away non-conference game @ Cypress Christian Houston (Texas) on Thursday, August 27 @ 7p.","/tx/football/game/cypress-christian-houston-vs-village-houston/8-28-2026/?c=734106ec-c132-4857-b0bd-c42ec8d54120","https://www.maxpreps.com/tx/football/game/cypress-christian-houston-vs-village-houston/8-28-2026/?c=734106ec-c132-4857-b0bd-c42ec8d54120"
144,"Kashmere Ftng Rams Houston vs Rudder Bryan",Football,"Texas",08/28/2026,07:00 PM,"The Rudder Bryan varsity football team has an away non-conference game @ Kashmere Ftng Rams Houston (Texas) on Thursday, August 27 @ 7p.","/tx/football/game/kashmere-ftng-rams-houston-vs-rudder-bryan/8-28-2026/?c=9fc808fe-9a49-42a0-b6b1-0b9d4c1a47d3","https://www.maxpreps.com/tx/football/game/kashmere-ftng-rams-houston-vs-rudder-bryan/8-28-2026/?c=9fc808fe-9a49-42a0-b6b1-0b9d4c1a47d3"
145,"Klein Collins Spring vs Tompkins Katy",Football,"Texas",08/28/2026,07:00 PM,"The Tompkins Katy varsity football team has an away non-conference game @ Klein Collins Spring (Texas) on Thursday, August 27 @ 7p.","/tx/football/game/klein-collins-spring-vs-tompkins-katy/8-28-2026/?c=ef9688e1-d8ec-4381-8478-749df229e3c1","https://www.maxpreps.com/tx/football/game/klein-collins-spring-vs-tompkins-katy/8-28-2026/?c=ef9688e1-d8ec-4381-8478-749df229e3c1"
146,"Columbia West Columbia vs Edna",Football,"Texas",08/28/2026,07:00 PM,"The Edna varsity football team has an away non-conference game @ Columbia West Columbia (Texas) on Thursday, August 27 @ 7p.","/tx/football/game/columbia-west-columbia-vs-edna/8-28-2026/?c=0fe2f0e4-b211-42b0-aae7-179918464e8a","https://www.maxpreps.com/tx/football/game/columbia-west-columbia-vs-edna/8-28-2026/?c=0fe2f0e4-b211-42b0-aae7-179918464e8a"
147,"Bellville vs Robinson",Football,"Texas",08/28/2026,07:00 PM,"The Robinson varsity football team has an away non-conference game @ Bellville (Texas) on Thursday, August 27 @ 7p.","/tx/football/game/bellville-vs-robinson/8-28-2026/?c=52a24324-7cc3-444e-852b-9b65b6d7a322","https://www.maxpreps.com/tx/football/game/bellville-vs-robinson/8-28-2026/?c=52a24324-7cc3-444e-852b-9b65b6d7a322"
148,"Hays Buda vs San Marcos",Football,"Texas",08/28/2026,07:00 PM,"The San Marcos varsity football team has an away non-conference game @ Hays Buda (Texas) on Thursday, August 27 @ 7p.","/tx/football/game/hays-buda-vs-san-marcos/8-28-2026/?c=ea24791e-ab89-4855-a5a4-29e17fc61385","https://www.maxpreps.com/tx/football/game/hays-buda-vs-san-marcos/8-28-2026/?c=ea24791e-ab89-4855-a5a4-29e17fc61385"
149,"Port Arthur Memorial vs Port Neches Groves",Football,"Texas",08/28/2026,07:00 PM,"The Port Neches Groves varsity football team has an away non-conference game @ Port Arthur Memorial (Texas) on Thursday, August 27 @ 7p.","/tx/football/game/port-arthur-memorial-vs-port-neches-groves/8-28-2026/?c=96ecd5d4-5183-4c83-8407-56b579b7a9de","https://www.maxpreps.com/tx/football/game/port-arthur-memorial-vs-port-neches-groves/8-28-2026/?c=96ecd5d4-5183-4c83-8407-56b579b7a9de"
150,"Ch Yoe Cameron vs Teague",Football,"Texas",08/28/2026,07:00 PM,"The Teague varsity football team has an away non-conference game @ Ch Yoe Cameron (Texas) on Thursday, August 27 @ 7p.","/tx/football/game/ch-yoe-cameron-vs-teague/8-28-2026/?c=915e3a18-68ac-4c3e-b6e0-4006afc744b2","https://www.maxpreps.com/tx/football/game/ch-yoe-cameron-vs-teague/8-28-2026/?c=915e3a18-68ac-4c3e-b6e0-4006afc744b2"
151,"Angleton vs Fort Bend Bush Richmond",Football,"Texas",08/28/2026,07:00 PM,"The Fort Bend Bush Richmond varsity football team has an away non-conference game @ Angleton (Texas) on Thursday, August 27 @ 7p.","/tx/football/game/angleton-vs-fort-bend-bush-richmond/8-28-2026/?c=191c11e9-57b0-4dcf-96ac-5e50ef7cd18c","https://www.maxpreps.com/tx/football/game/angleton-vs-fort-bend-bush-richmond/8-28-2026/?c=191c11e9-57b0-4dcf-96ac-5e50ef7cd18c"
152,"Little River Academy vs Rogers",Football,"Texas",08/28/2026,07:00 PM,"The Rogers varsity football team has an away non-conference game @ Little River Academy (Texas) on Thursday, August 27 @ 7p.","/tx/football/game/little-river-academy-vs-rogers/8-28-2026/?c=6988949e-d682-470f-be4a-ac8dc1a978da","https://www.maxpreps.com/tx/football/game/little-river-academy-vs-rogers/8-28-2026/?c=6988949e-d682-470f-be4a-ac8dc1a978da"
153,"Madisonville vs Needville",Football,"Texas",08/28/2026,07:00 PM,"The Needville varsity football team has an away non-conference game @ Madisonville (Texas) on Thursday, August 27 @ 7p.","/tx/football/game/madisonville-vs-needville/8-28-2026/?c=62acbe0f-298c-40bd-b933-f0e8a7acc3ef","https://www.maxpreps.com/tx/football/game/madisonville-vs-needville/8-28-2026/?c=62acbe0f-298c-40bd-b933-f0e8a7acc3ef"
154,"Hempstead vs Royal Brookshire",Football,"Texas",08/28/2026,07:00 PM,"The Royal Brookshire varsity football team has an away non-conference game @ Hempstead (Texas) on Thursday, August 27 @ 7p.","/tx/football/game/hempstead-vs-royal-brookshire/8-28-2026/?c=1814e68c-ec06-41a0-b794-b402bdde0dd9","https://www.maxpreps.com/tx/football/game/hempstead-vs-royal-brookshire/8-28-2026/?c=1814e68c-ec06-41a0-b794-b402bdde0dd9"
155,"Alvin vs Fort Bend Clements Sugar Land",Football,"Texas",08/28/2026,07:00 PM,"The Fort Bend Clements Sugar Land varsity football team has an away non-conference game @ Alvin (Texas) on Thursday, August 27 @ 7p.","/tx/football/game/alvin-vs-fort-bend-clements-sugar-land/8-28-2026/?c=33e658ca-64ee-4f5c-954b-153dbcc5f398","https://www.maxpreps.com/tx/football/game/alvin-vs-fort-bend-clements-sugar-land/8-28-2026/?c=33e658ca-64ee-4f5c-954b-153dbcc5f398"
156,"Brazoswood Clute vs Santa Fe",Football,"Texas",08/28/2026,07:00 PM,"The Santa Fe varsity football team has an away non-conference game @ Brazoswood Clute (Texas) on Thursday, August 27 @ 7p.","/tx/football/game/brazoswood-clute-vs-santa-fe/8-28-2026/?c=9d6c204d-a2aa-4812-b0ce-15a341f7fbcf","https://www.maxpreps.com/tx/football/game/brazoswood-clute-vs-santa-fe/8-28-2026/?c=9d6c204d-a2aa-4812-b0ce-15a341f7fbcf"
157,"Cypress Falls Houston vs Strake Jesuit Fighting Crusaders Houston",Football,"Texas",08/28/2026,07:00 PM,"The Strake Jesuit Fighting Crusaders Houston varsity football team has an away non-conference game @ Cypress Falls Houston (Texas) on Thursday, August 27 @ 7p.","/tx/football/game/cypress-falls-houston-vs-strake-jesuit-fighting-crusaders-houston/8-28-2026/?c=1b87b26d-c79c-4ac8-93bb-481c7eb37de8","https://www.maxpreps.com/tx/football/game/cypress-falls-houston-vs-strake-jesuit-fighting-crusaders-houston/8-28-2026/?c=1b87b26d-c79c-4ac8-93bb-481c7eb37de8"
158,"Franklin vs La Vega Waco",Football,"Texas",08/28/2026,07:00 PM,"The La Vega Waco varsity football team has an away non-conference game @ Franklin (Texas) on Thursday, August 27 @ 7p.","/tx/football/game/franklin-vs-la-vega-waco/8-28-2026/?c=326b3900-2c55-4854-b9a2-7157064544ce","https://www.maxpreps.com/tx/football/game/franklin-vs-la-vega-waco/8-28-2026/?c=326b3900-2c55-4854-b9a2-7157064544ce"
159,"Akins Austin vs Lehman Kyle",Football,"Texas",08/28/2026,07:00 PM,"The Lehman Kyle varsity football team has an away non-conference game @ Akins Austin (Texas) on Thursday, August 27 @ 7p.","/tx/football/game/akins-austin-vs-lehman-kyle/8-28-2026/?c=cb2e2ed4-2c89-49c0-a056-f5df4bcf55cf","https://www.maxpreps.com/tx/football/game/akins-austin-vs-lehman-kyle/8-28-2026/?c=cb2e2ed4-2c89-49c0-a056-f5df4bcf55cf"
160,"El Campo vs Wharton",Football,"Texas",08/28/2026,07:00 PM,"The Wharton varsity football team has an away non-conference game @ El Campo (Texas) on Thursday, August 27 @ 7p.","/tx/football/game/el-campo-vs-wharton/8-28-2026/?c=d059d1d0-8794-426f-9f5e-ec902311f98f","https://www.maxpreps.com/tx/football/game/el-campo-vs-wharton/8-28-2026/?c=d059d1d0-8794-426f-9f5e-ec902311f98f"
161,"Cranfills Gap vs Gholson Waco",Football,"Texas",08/28/2026,07:00 PM,"The Gholson Waco varsity football team has an away non-conference game @ Cranfills Gap (Texas) on Thursday, August 27 @ 7p.","/tx/football/game/cranfills-gap-vs-gholson-waco/8-28-2026/?c=1db9ec8d-12db-4115-9bff-7639e5bb07aa","https://www.maxpreps.com/tx/football/game/cranfills-gap-vs-gholson-waco/8-28-2026/?c=1db9ec8d-12db-4115-9bff-7639e5bb07aa"
162,"Chilton vs Santo",Football,"Texas",08/28/2026,07:00 PM,"The Santo varsity football team has an away non-conference game @ Chilton (Texas) on Thursday, August 27 @ 7p.","/tx/football/game/chilton-vs-santo/8-28-2026/?c=b410ac96-00c8-46a9-a870-da3c0391f966","https://www.maxpreps.com/tx/football/game/chilton-vs-santo/8-28-2026/?c=b410ac96-00c8-46a9-a870-da3c0391f966"
163,"Little Cypress Mauriceville Orange vs Woodville",Football,"Texas",08/28/2026,07:00 PM,"The Woodville varsity football team has an away non-conference game @ Little Cypress Mauriceville Orange (Texas) on Thursday, August 27 @ 7p.","/tx/football/game/little-cypress-mauriceville-orange-vs-woodville/8-28-2026/?c=cedc59f0-ff4e-4d55-944d-afe91b1047bd","https://www.maxpreps.com/tx/football/game/little-cypress-mauriceville-orange-vs-woodville/8-28-2026/?c=cedc59f0-ff4e-4d55-944d-afe91b1047bd"
164,"Mildred Corsicana vs Palmer",Football,"Texas",08/28/2026,07:00 PM,"The Palmer varsity football team has an away non-conference game @ Mildred Corsicana (Texas) on Thursday, August 27 @ 7p.","/tx/football/game/mildred-corsicana-vs-palmer/8-28-2026/?c=9e162c49-34c7-49b4-a511-0c753921e794","https://www.maxpreps.com/tx/football/game/mildred-corsicana-vs-palmer/8-28-2026/?c=9e162c49-34c7-49b4-a511-0c753921e794"
165,"Kennedale vs Krum",Football,"Texas",08/28/2026,07:00 PM,"The Krum varsity football team has an away non-conference game @ Kennedale (Texas) on Thursday, August 27 @ 7p.","/tx/football/game/kennedale-vs-krum/8-28-2026/?c=808cbfc9-e6a9-4fb2-8f28-71f33b3c1087","https://www.maxpreps.com/tx/football/game/kennedale-vs-krum/8-28-2026/?c=808cbfc9-e6a9-4fb2-8f28-71f33b3c1087"
166,"Kenedy vs Poteet",Football,"Texas",08/28/2026,07:00 PM,"The Poteet varsity football team has an away non-conference game @ Kenedy (Texas) on Thursday, August 27 @ 7p.","/tx/football/game/kenedy-vs-poteet/8-28-2026/?c=af5dbe65-f949-43a9-a2ef-b48bb03b3ad0","https://www.maxpreps.com/tx/football/game/kenedy-vs-poteet/8-28-2026/?c=af5dbe65-f949-43a9-a2ef-b48bb03b3ad0"
167,"Conroe vs King Houston",Football,"Texas",08/28/2026,07:00 PM,"The King Houston varsity football team has an away non-conference game @ Conroe (Texas) on Thursday, August 27 @ 7p.","/tx/football/game/conroe-vs-king-houston/8-28-2026/?c=4ba4619a-a234-48d4-a9ce-52bcd646fdff","https://www.maxpreps.com/tx/football/game/conroe-vs-king-houston/8-28-2026/?c=4ba4619a-a234-48d4-a9ce-52bcd646fdff"
168,"Anahuac vs Van Vleck",Football,"Texas",08/28/2026,07:00 PM,"The Van Vleck varsity football team has an away non-conference game @ Anahuac (Texas) on Thursday, August 27 @ 7p.","/tx/football/game/anahuac-vs-van-vleck/8-28-2026/?c=7cd0d802-d665-4a23-b1c2-9e6514f1b6cc","https://www.maxpreps.com/tx/football/game/anahuac-vs-van-vleck/8-28-2026/?c=7cd0d802-d665-4a23-b1c2-9e6514f1b6cc"
169,"Kerens vs Rio Vista",Football,"Texas",08/28/2026,07:00 PM,"The Rio Vista varsity football team has an away non-conference game @ Kerens (Texas) on Thursday, August 27 @ 7p.","/tx/football/game/kerens-vs-rio-vista/8-28-2026/?c=a3800b03-4e92-442b-bcf0-099b11b0cfc2","https://www.maxpreps.com/tx/football/game/kerens-vs-rio-vista/8-28-2026/?c=a3800b03-4e92-442b-bcf0-099b11b0cfc2"
170,"Hico vs Holland",Football,"Texas",08/28/2026,07:00 PM,"The Holland varsity football team has an away non-conference game @ Hico (Texas) on Thursday, August 27 @ 7p.","/tx/football/game/hico-vs-holland/8-28-2026/?c=f2778b7d-9a3c-4bb8-a2f7-b5c6d2973a4c","https://www.maxpreps.com/tx/football/game/hico-vs-holland/8-28-2026/?c=f2778b7d-9a3c-4bb8-a2f7-b5c6d2973a4c"
171,"Lamar Houston vs Manvel",Football,"Texas",08/28/2026,07:00 PM,"The Manvel varsity football team has an away non-conference game @ Lamar Houston (Texas) on Thursday, August 27 @ 7p.","/tx/football/game/lamar-houston-vs-manvel/8-28-2026/?c=85a0227d-5c6b-4797-a1d3-890e836d1243","https://www.maxpreps.com/tx/football/game/lamar-houston-vs-manvel/8-28-2026/?c=85a0227d-5c6b-4797-a1d3-890e836d1243"
172,"Caney Creek Conroe vs Splendora",Football,"Texas",08/28/2026,07:00 PM,"The Splendora varsity football team has an away non-conference game @ Caney Creek Conroe (Texas) on Thursday, August 27 @ 7p.","/tx/football/game/caney-creek-conroe-vs-splendora/8-28-2026/?c=0b7a48e5-ce99-40de-999a-1486bee7490c","https://www.maxpreps.com/tx/football/game/caney-creek-conroe-vs-splendora/8-28-2026/?c=0b7a48e5-ce99-40de-999a-1486bee7490c"
173,"Dawson vs Meridian",Football,"Texas",08/28/2026,07:00 PM,"The Meridian varsity football team has an away non-conference game @ Dawson (Texas) on Thursday, August 27 @ 7p.","/tx/football/game/dawson-vs-meridian/8-28-2026/?c=5492b150-3d52-4609-bc02-f7bab6efd30f","https://www.maxpreps.com/tx/football/game/dawson-vs-meridian/8-28-2026/?c=5492b150-3d52-4609-bc02-f7bab6efd30f"
174,"Brackenridge San Antonio vs John F Kennedy San Antonio",Football,"Texas",08/28/2026,07:00 PM,"The John F Kennedy San Antonio varsity football team has an away non-conference game @ Brackenridge San Antonio (Texas) on Thursday, August 27 @ 7p.","/tx/football/game/brackenridge-san-antonio-vs-john-f-kennedy-san-antonio/8-28-2026/?c=e6e0bc10-7a31-4983-a352-202594001e4a","https://www.maxpreps.com/tx/football/game/brackenridge-san-antonio-vs-john-f-kennedy-san-antonio/8-28-2026/?c=e6e0bc10-7a31-4983-a352-202594001e4a"
175,"Clear Brook Friendswood vs Madison Houston",Football,"Texas",08/28/2026,07:00 PM,"The Madison Houston varsity football team has an away non-conference game @ Clear Brook Friendswood (Texas) on Thursday, August 27 @ 7p.","/tx/football/game/clear-brook-friendswood-vs-madison-houston/8-28-2026/?c=38ffaac0-3354-46ce-a284-6d05b51a15fd","https://www.maxpreps.com/tx/football/game/clear-brook-friendswood-vs-madison-houston/8-28-2026/?c=38ffaac0-3354-46ce-a284-6d05b51a15fd"
176,"Barbers Hill Mt Belvieu vs Nimitz Houston",Football,"Texas",08/28/2026,07:00 PM,"The Nimitz Houston varsity football team has an away non-conference game @ Barbers Hill Mt Belvieu (Texas) on Thursday, August 27 @ 7p.","/tx/football/game/barbers-hill-mt-belvieu-vs-nimitz-houston/8-28-2026/?c=9136c5c7-dff7-4da1-a740-b893fc434ab4","https://www.maxpreps.com/tx/football/game/barbers-hill-mt-belvieu-vs-nimitz-houston/8-28-2026/?c=9136c5c7-dff7-4da1-a740-b893fc434ab4"
177,"Highlands San Antonio vs Pleasanton",Football,"Texas",08/28/2026,07:00 PM,"The Pleasanton varsity football team has an away non-conference game @ Highlands San Antonio (Texas) on Thursday, August 27 @ 7p.","/tx/football/game/highlands-san-antonio-vs-pleasanton/8-28-2026/?c=a436a79d-5f4e-461b-bd53-cf3976fbc96c","https://www.maxpreps.com/tx/football/game/highlands-san-antonio-vs-pleasanton/8-28-2026/?c=a436a79d-5f4e-461b-bd53-cf3976fbc96c"
178,"Calhoun Port Lavaca vs Victoria West",Football,"Texas",08/28/2026,07:00 PM,"The Victoria West varsity football team has an away non-conference game @ Calhoun Port Lavaca (Texas) on Thursday, August 27 @ 7p.","/tx/football/game/calhoun-port-lavaca-vs-victoria-west/8-28-2026/?c=d12cbe39-04e6-479c-8531-28d5400c9736","https://www.maxpreps.com/tx/football/game/calhoun-port-lavaca-vs-victoria-west/8-28-2026/?c=d12cbe39-04e6-479c-8531-28d5400c9736"
179,"Bridgeland Cypress vs The Woodlands",Football,"Texas",08/28/2026,07:00 PM,"The The Woodlands varsity football team has an away non-conference game @ Bridgeland Cypress (Texas) on Thursday, August 27 @ 7p.","/tx/football/game/bridgeland-cypress-vs-the-woodlands/8-28-2026/?c=b4eed866-a70b-4db8-a7f8-6d3108c34294","https://www.maxpreps.com/tx/football/game/bridgeland-cypress-vs-the-woodlands/8-28-2026/?c=b4eed866-a70b-4db8-a7f8-6d3108c34294"
180,"Georgetown vs Temple",Football,"Texas",08/28/2026,07:00 PM,"The Temple varsity football team has an away non-conference game @ Georgetown (Texas) on Thursday, August 27 @ 7p.","/tx/football/game/georgetown-vs-temple/8-28-2026/?c=47426df2-ae65-4c49-a80f-cadb80a75f8b","https://www.maxpreps.com/tx/football/game/georgetown-vs-temple/8-28-2026/?c=47426df2-ae65-4c49-a80f-cadb80a75f8b"
181,"Big Sandy vs Cumby",Football,"Texas",08/28/2026,07:00 PM,"The Cumby varsity football team has an away non-conference game @ Big Sandy (Texas) on Thursday, August 27 @ 7p.","/tx/football/game/big-sandy-vs-cumby/8-28-2026/?c=47f7d681-c6c3-44c1-a7cc-8ce9711d216b","https://www.maxpreps.com/tx/football/game/big-sandy-vs-cumby/8-28-2026/?c=47f7d681-c6c3-44c1-a7cc-8ce9711d216b"
182,"Hubbard vs Milano",Football,"Texas",08/28/2026,07:00 PM,"The Milano varsity football team has an away non-conference game @ Hubbard (Texas) on Thursday, August 27 @ 7p.","/tx/football/game/hubbard-vs-milano/8-28-2026/?c=47452d67-9e9c-49a0-9c98-87ab14841bb2","https://www.maxpreps.com/tx/football/game/hubbard-vs-milano/8-28-2026/?c=47452d67-9e9c-49a0-9c98-87ab14841bb2"
183,"Shadow Creek Pearland vs Summer Creek Houston",Football,"Texas",08/28/2026,07:00 PM,"The Summer Creek Houston varsity football team has an away non-conference game @ Shadow Creek Pearland (Texas) on Thursday, August 27 @ 7p.","/tx/football/game/shadow-creek-pearland-vs-summer-creek-houston/8-28-2026/?c=fd955b5a-296f-4cb4-b819-ffd4cf74a9f6","https://www.maxpreps.com/tx/football/game/shadow-creek-pearland-vs-summer-creek-houston/8-28-2026/?c=fd955b5a-296f-4cb4-b819-ffd4cf74a9f6"
184,"Cleveland vs Spring Woods Houston",Football,"Texas",08/28/2026,07:00 PM,"The Spring Woods Houston varsity football team has an away non-conference game @ Cleveland (Texas) on Thursday, August 27 @ 7p.","/tx/football/game/cleveland-vs-spring-woods-houston/8-28-2026/?c=3b8e5f7b-3223-4305-8a0a-a51ed7672277","https://www.maxpreps.com/tx/football/game/cleveland-vs-spring-woods-houston/8-28-2026/?c=3b8e5f7b-3223-4305-8a0a-a51ed7672277"
185,"Aldine Houston vs Sam Rayburn Pasadena",Football,"Texas",08/28/2026,07:00 PM,"The Sam Rayburn Pasadena varsity football team has an away non-conference game @ Aldine Houston (Texas) on Thursday, August 27 @ 7p.","/tx/football/game/aldine-houston-vs-sam-rayburn-pasadena/8-28-2026/?c=ca6c6f8c-2ff9-4cce-87a2-494aefe9c7c1","https://www.maxpreps.com/tx/football/game/aldine-houston-vs-sam-rayburn-pasadena/8-28-2026/?c=ca6c6f8c-2ff9-4cce-87a2-494aefe9c7c1"
186,"Memorial Houston vs Seven Lakes Katy",Football,"Texas",08/28/2026,07:00 PM,"The Seven Lakes Katy varsity football team has an away non-conference game @ Memorial Houston (Texas) on Thursday, August 27 @ 7p.","/tx/football/game/memorial-houston-vs-seven-lakes-katy/8-28-2026/?c=7f162bdd-8fc1-49d3-aa81-e9f40d8ba67d","https://www.maxpreps.com/tx/football/game/memorial-houston-vs-seven-lakes-katy/8-28-2026/?c=7f162bdd-8fc1-49d3-aa81-e9f40d8ba67d"
187,"Belton vs Hendrickson Pflugerville",Football,"Texas",08/28/2026,07:00 PM,"The Hendrickson Pflugerville varsity football team has an away non-conference game @ Belton (Texas) on Thursday, August 27 @ 7p.","/tx/football/game/belton-vs-hendrickson-pflugerville/8-28-2026/?c=7e261634-d94b-4110-bc9e-0a8cb053c3e5","https://www.maxpreps.com/tx/football/game/belton-vs-hendrickson-pflugerville/8-28-2026/?c=7e261634-d94b-4110-bc9e-0a8cb053c3e5"
188,"La Grange vs Navasota",Football,"Texas",08/28/2026,07:00 PM,"The Navasota varsity football team has an away non-conference game @ La Grange (Texas) on Thursday, August 27 @ 7p.","/tx/football/game/la-grange-vs-navasota/8-28-2026/?c=54c47461-553b-446e-9475-37ff557d4b4f","https://www.maxpreps.com/tx/football/game/la-grange-vs-navasota/8-28-2026/?c=54c47461-553b-446e-9475-37ff557d4b4f"
189,"Hull Daisetta vs Snook",Football,"Texas",08/28/2026,07:00 PM,"The Snook varsity football team has an away non-conference game @ Hull Daisetta (Texas) on Thursday, August 27 @ 7p.","/tx/football/game/hull-daisetta-vs-snook/8-28-2026/?c=f96eed5c-4555-4a5c-bf6c-d0ce22b9a6f4","https://www.maxpreps.com/tx/football/game/hull-daisetta-vs-snook/8-28-2026/?c=f96eed5c-4555-4a5c-bf6c-d0ce22b9a6f4"
190,"Mart vs Whitney",Football,"Texas",08/28/2026,07:00 PM,"The Whitney varsity football team has an away non-conference game @ Mart (Texas) on Thursday, August 27 @ 7p.","/tx/football/game/mart-vs-whitney/8-28-2026/?c=05f47f14-8794-4da4-950f-2a4fd6627d5e","https://www.maxpreps.com/tx/football/game/mart-vs-whitney/8-28-2026/?c=05f47f14-8794-4da4-950f-2a4fd6627d5e"
191,"Valley Mills vs Wortham",Football,"Texas",08/28/2026,07:00 PM,"The Wortham varsity football team has an away non-conference game @ Valley Mills (Texas) on Thursday, August 27 @ 7p.","/tx/football/game/valley-mills-vs-wortham/8-28-2026/?c=4f3abca3-4ce9-4200-bb87-83e749376044","https://www.maxpreps.com/tx/football/game/valley-mills-vs-wortham/8-28-2026/?c=4f3abca3-4ce9-4200-bb87-83e749376044"
192,"Aandm Consolidated College Station vs Cedar Park",Football,"Texas",08/28/2026,07:00 PM,"The Cedar Park varsity football team has an away non-conference game @ Aandm Consolidated College Station (Texas) on Thursday, August 27 @ 7p.","/tx/football/game/aandm-consolidated-college-station-vs-cedar-park/8-28-2026/?c=3cee09c4-bc68-4f2d-869d-012bb61263cd","https://www.maxpreps.com/tx/football/game/aandm-consolidated-college-station-vs-cedar-park/8-28-2026/?c=3cee09c4-bc68-4f2d-869d-012bb61263cd"
193,"Round Rock vs Weiss Pflugerville",Football,"Texas",08/28/2026,07:00 PM,"The Weiss Pflugerville varsity football team has an away non-conference game @ Round Rock (Texas) on Thursday, August 27 @ 7p.","/tx/football/game/round-rock-vs-weiss-pflugerville/8-28-2026/?c=d414b6f3-4d95-4037-bc46-3d4cf9f8e401","https://www.maxpreps.com/tx/football/game/round-rock-vs-weiss-pflugerville/8-28-2026/?c=d414b6f3-4d95-4037-bc46-3d4cf9f8e401"
194,"Evadale vs Huntington",Football,"Texas",08/28/2026,07:00 PM,"The Huntington varsity football team has an away non-conference game @ Evadale (Texas) on Thursday, August 27 @ 7p.","/tx/football/game/evadale-vs-huntington/8-28-2026/?c=f1b4a0d8-2c3e-4a82-ae3c-6f5fac4b9e9b","https://www.maxpreps.com/tx/football/game/evadale-vs-huntington/8-28-2026/?c=f1b4a0d8-2c3e-4a82-ae3c-6f5fac4b9e9b"
195,"Celeste vs Trenton",Football,"Texas",08/28/2026,07:00 PM,"The Trenton varsity football team has an away non-conference game @ Celeste (Texas) on Thursday, August 27 @ 7p.","/tx/football/game/celeste-vs-trenton/8-28-2026/?c=9f6837cb-6904-42b2-b16c-5b03d20be994","https://www.maxpreps.com/tx/football/game/celeste-vs-trenton/8-28-2026/?c=9f6837cb-6904-42b2-b16c-5b03d20be994"
196,"Como Pickton vs Quitman",Football,"Texas",08/28/2026,07:00 PM,"The Quitman varsity football team has an away non-conference game @ Como Pickton (Texas) on Thursday, August 27 @ 7p.","/tx/football/game/como-pickton-vs-quitman/8-28-2026/?c=c4fd8944-2b60-4e5a-9a3a-fc8ecff53447","https://www.maxpreps.com/tx/football/game/como-pickton-vs-quitman/8-28-2026/?c=c4fd8944-2b60-4e5a-9a3a-fc8ecff53447"
197,"Sterling Houston vs Yates Houston",Football,"Texas",08/28/2026,07:00 PM,"The Yates Houston varsity football team has an away non-conference game @ Sterling Houston (Texas) on Thursday, August 27 @ 7p.","/tx/football/game/sterling-houston-vs-yates-houston/8-28-2026/?c=a7d9151a-4eb7-4632-a2eb-3a649a0ede07","https://www.maxpreps.com/tx/football/game/sterling-houston-vs-yates-houston/8-28-2026/?c=a7d9151a-4eb7-4632-a2eb-3a649a0ede07"
198,"Clear Springs League City vs Dobie Houston",Football,"Texas",08/28/2026,07:00 PM,"The Dobie Houston varsity football team has an away non-conference game @ Clear Springs League City (Texas) on Thursday, August 27 @ 7p.","/tx/football/game/clear-springs-league-city-vs-dobie-houston/8-28-2026/?c=f4d3fc37-7730-44bc-9566-bbdaee7f6b0b","https://www.maxpreps.com/tx/football/game/clear-springs-league-city-vs-dobie-houston/8-28-2026/?c=f4d3fc37-7730-44bc-9566-bbdaee7f6b0b"
199,"Benjamin Davis Panthers Houston vs Waller",Football,"Texas",08/28/2026,07:00 PM,"The Waller varsity football team has an away non-conference game @ Benjamin Davis Panthers Houston (Texas) on Thursday, August 27 @ 7p.","/tx/football/game/benjamin-davis-panthers-houston-vs-waller/8-28-2026/?c=fe262d25-566c-4f4f-9b95-e86166c6ac25","https://www.maxpreps.com/tx/football/game/benjamin-davis-panthers-houston-vs-waller/8-28-2026/?c=fe262d25-566c-4f4f-9b95-e86166c6ac25"
200,"Marcus Flower Mound vs Northwest Justin",Football,"Texas",08/28/2026,07:00 PM,"The Northwest Justin varsity football team has an away non-conference game @ Marcus Flower Mound (Texas) on Thursday, August 27 @ 7p.","/tx/football/game/marcus-flower-mound-vs-northwest-justin/8-28-2026/?c=03ed8fc2-079a-42cf-88f5-dd6bc3d7fdc4","https://www.maxpreps.com/tx/football/game/marcus-flower-mound-vs-northwest-justin/8-28-2026/?c=03ed8fc2-079a-42cf-88f5-dd6bc3d7fdc4"
201,"Cypress Ridge Houston vs Macarthur Houston",Football,"Texas",08/28/2026,07:00 PM,"The Macarthur Houston varsity football team has an away non-conference game @ Cypress Ridge Houston (Texas) on Thursday, August 27 @ 7p.","/tx/football/game/cypress-ridge-houston-vs-macarthur-houston/8-28-2026/?c=ab44c221-4b47-44f5-8e59-50504768ec37","https://www.maxpreps.com/tx/football/game/cypress-ridge-houston-vs-macarthur-houston/8-28-2026/?c=ab44c221-4b47-44f5-8e59-50504768ec37"
202,"Timpson vs West Sabine Pineland",Football,"Texas",08/28/2026,07:00 PM,"The West Sabine Pineland varsity football team has an away non-conference game @ Timpson (Texas) on Thursday, August 27 @ 7p.","/tx/football/game/timpson-vs-west-sabine-pineland/8-28-2026/?c=191cd75d-f34b-4d7e-9488-33b5382869e5","https://www.maxpreps.com/tx/football/game/timpson-vs-west-sabine-pineland/8-28-2026/?c=191cd75d-f34b-4d7e-9488-33b5382869e5"
203,"Clear Falls League City vs Pearland",Football,"Texas",08/28/2026,07:00 PM,"The Pearland varsity football team has an away non-conference game @ Clear Falls League City (Texas) on Thursday, August 27 @ 7p.","/tx/football/game/clear-falls-league-city-vs-pearland/8-28-2026/?c=9128f1cc-da19-4dfe-8aca-1ac6f8f39e0a","https://www.maxpreps.com/tx/football/game/clear-falls-league-city-vs-pearland/8-28-2026/?c=9128f1cc-da19-4dfe-8aca-1ac6f8f39e0a"
204,"Hearne vs Thrall",Football,"Texas",08/28/2026,07:00 PM,"The Thrall varsity football team has an away non-conference game @ Hearne (Texas) on Thursday, August 27 @ 7p.","/tx/football/game/hearne-vs-thrall/8-28-2026/?c=a233eebb-b0cf-441e-9d40-22e1182e74d9","https://www.maxpreps.com/tx/football/game/hearne-vs-thrall/8-28-2026/?c=a233eebb-b0cf-441e-9d40-22e1182e74d9"
205,"Friendswood vs Texas City",Football,"Texas",08/28/2026,07:00 PM,"The Texas City varsity football team has an away non-conference game @ Friendswood (Texas) on Thursday, August 27 @ 7p.","/tx/football/game/friendswood-vs-texas-city/8-28-2026/?c=0a770750-8471-47e2-8d11-f098db0dc325","https://www.maxpreps.com/tx/football/game/friendswood-vs-texas-city/8-28-2026/?c=0a770750-8471-47e2-8d11-f098db0dc325"
206,"Houston Math Science And Tech vs Northside Houston",Football,"Texas",08/28/2026,07:00 PM,"The Northside Houston varsity football team has an away non-conference game @ Houston Math Science And Tech (Texas) on Thursday, August 27 @ 7p.","/tx/football/game/houston-math-science-and-tech-vs-northside-houston/8-28-2026/?c=6e5e2a46-79c3-4e95-85dd-8ff93834917f","https://www.maxpreps.com/tx/football/game/houston-math-science-and-tech-vs-northside-houston/8-28-2026/?c=6e5e2a46-79c3-4e95-85dd-8ff93834917f"
207,"Almeta Crawford Rosharon vs La Porte",Football,"Texas",08/28/2026,07:00 PM,"The La Porte varsity football team has an away non-conference game @ Almeta Crawford Rosharon (Texas) on Thursday, August 27 @ 7p.","/tx/football/game/almeta-crawford-rosharon-vs-la-porte/8-28-2026/?c=83ba33c6-b27f-4749-854b-fd83ec55b72e","https://www.maxpreps.com/tx/football/game/almeta-crawford-rosharon-vs-la-porte/8-28-2026/?c=83ba33c6-b27f-4749-854b-fd83ec55b72e"
208,"May vs Zephyr",Football,"Texas",08/28/2026,07:00 PM,"The Zephyr varsity football team has an away non-conference game @ May (Texas) on Thursday, August 27 @ 7p.","/tx/football/game/may-vs-zephyr/8-28-2026/?c=c2ee9238-5324-47ea-a45e-d073e1cbc573","https://www.maxpreps.com/tx/football/game/may-vs-zephyr/8-28-2026/?c=c2ee9238-5324-47ea-a45e-d073e1cbc573"
209,"Silsbee vs Vidor",Football,"Texas",08/28/2026,07:00 PM,"The Vidor varsity football team has an away non-conference game @ Silsbee (Texas) on Thursday, August 27 @ 7p.","/tx/football/game/silsbee-vs-vidor/8-28-2026/?c=12cdc66b-726a-4be6-9602-9544c24102d5","https://www.maxpreps.com/tx/football/game/silsbee-vs-vidor/8-28-2026/?c=12cdc66b-726a-4be6-9602-9544c24102d5"
210,"Bastrop vs Lake Creek Montgomery",Football,"Texas",08/28/2026,07:00 PM,"The Lake Creek Montgomery varsity football team has an away non-conference game @ Bastrop (Texas) on Thursday, August 27 @ 7p.","/tx/football/game/bastrop-vs-lake-creek-montgomery/8-28-2026/?c=9707d6c1-aaed-4490-82c5-93572ea350c3","https://www.maxpreps.com/tx/football/game/bastrop-vs-lake-creek-montgomery/8-28-2026/?c=9707d6c1-aaed-4490-82c5-93572ea350c3"
211,"Forestburg vs Rising Star",Football,"Texas",08/28/2026,07:00 PM,"The Rising Star varsity football team has an away non-conference game @ Forestburg (Texas) on Thursday, August 27 @ 7p.","/tx/football/game/forestburg-vs-rising-star/8-28-2026/?c=00577491-7a74-4937-be6d-9268a25dd1fc","https://www.maxpreps.com/tx/football/game/forestburg-vs-rising-star/8-28-2026/?c=00577491-7a74-4937-be6d-9268a25dd1fc"
212,"Ranger vs Walnut Springs",Football,"Texas",08/28/2026,07:00 PM,"The Walnut Springs varsity football team has an away non-conference game @ Ranger (Texas) on Thursday, August 27 @ 7p.","/tx/football/game/ranger-vs-walnut-springs/8-28-2026/?c=1dd00df4-068c-4830-a89d-3cb8abbf3d42","https://www.maxpreps.com/tx/football/game/ranger-vs-walnut-springs/8-28-2026/?c=1dd00df4-068c-4830-a89d-3cb8abbf3d42"
213,"Channelview vs Spring",Football,"Texas",08/28/2026,07:00 PM,"The Spring varsity football team has an away non-conference game @ Channelview (Texas) on Thursday, August 27 @ 7p.","/tx/football/game/channelview-vs-spring/8-28-2026/?c=78f39654-e781-4b64-9462-842b667d6e84","https://www.maxpreps.com/tx/football/game/channelview-vs-spring/8-28-2026/?c=78f39654-e781-4b64-9462-842b667d6e84"
214,"Leander vs Pflugerville",Football,"Texas",08/28/2026,07:00 PM,"The Pflugerville varsity football team has an away non-conference game @ Leander (Texas) on Thursday, August 27 @ 7p.","/tx/football/game/leander-vs-pflugerville/8-28-2026/?c=6ff0c5d2-5762-42fe-86e9-4d574739143f","https://www.maxpreps.com/tx/football/game/leander-vs-pflugerville/8-28-2026/?c=6ff0c5d2-5762-42fe-86e9-4d574739143f"
215,"Fort Bend Travis Richmond vs Foster Richmond",Football,"Texas",08/28/2026,07:00 PM,"The Foster Richmond varsity football team has an away non-conference game @ Fort Bend Travis Richmond (Texas) on Thursday, August 27 @ 7p.","/tx/football/game/fort-bend-travis-richmond-vs-foster-richmond/8-28-2026/?c=9458d92b-5d39-4129-8778-47fef34d11b0","https://www.maxpreps.com/tx/football/game/fort-bend-travis-richmond-vs-foster-richmond/8-28-2026/?c=9458d92b-5d39-4129-8778-47fef34d11b0"
216,"Lee Baytown vs Sterling Baytown",Football,"Texas",08/28/2026,07:00 PM,"The Sterling Baytown varsity football team has an away non-conference game @ Lee Baytown (Texas) on Thursday, August 27 @ 7p.","/tx/football/game/lee-baytown-vs-sterling-baytown/8-28-2026/?c=5eaa6bc5-65ce-42ce-8982-c7ca1b6fd9fd","https://www.maxpreps.com/tx/football/game/lee-baytown-vs-sterling-baytown/8-28-2026/?c=5eaa6bc5-65ce-42ce-8982-c7ca1b6fd9fd"
217,"Carlisle Price vs Mt Enterprise",Football,"Texas",08/28/2026,07:00 PM,"The Mt Enterprise varsity football team has an away non-conference game @ Carlisle Price (Texas) on Thursday, August 27 @ 7p.","/tx/football/game/carlisle-price-vs-mt-enterprise/8-28-2026/?c=c78f80a7-c357-409d-86ea-5c2d3a193462","https://www.maxpreps.com/tx/football/game/carlisle-price-vs-mt-enterprise/8-28-2026/?c=c78f80a7-c357-409d-86ea-5c2d3a193462"
218,"Rice vs S And S Consolidated Sadler",Football,"Texas",08/28/2026,07:00 PM,"The S And S Consolidated Sadler varsity football team has an away non-conference game @ Rice (Texas) on Thursday, August 27 @ 7p.","/tx/football/game/rice-vs-s-and-s-consolidated-sadler/8-28-2026/?c=d0cb9e91-b974-4a75-8977-03c2b572741e","https://www.maxpreps.com/tx/football/game/rice-vs-s-and-s-consolidated-sadler/8-28-2026/?c=d0cb9e91-b974-4a75-8977-03c2b572741e"
219,"Azle vs Cooper Abilene",Football,"Texas",08/28/2026,07:00 PM,"The Cooper Abilene varsity football team has an away non-conference game @ Azle (Texas) on Thursday, August 27 @ 7p.","/tx/football/game/azle-vs-cooper-abilene/8-28-2026/?c=2589f678-55b9-4ed7-b947-018cb3251b08","https://www.maxpreps.com/tx/football/game/azle-vs-cooper-abilene/8-28-2026/?c=2589f678-55b9-4ed7-b947-018cb3251b08"
220,"North Mesquite vs Sam Houston Arlington",Football,"Texas",08/28/2026,07:00 PM,"The Sam Houston Arlington varsity football team has an away non-conference game @ North Mesquite (Texas) on Thursday, August 27 @ 7p.","/tx/football/game/north-mesquite-vs-sam-houston-arlington/8-28-2026/?c=d0d82847-9e44-493c-8b3a-3bb23c0ab638","https://www.maxpreps.com/tx/football/game/north-mesquite-vs-sam-houston-arlington/8-28-2026/?c=d0d82847-9e44-493c-8b3a-3bb23c0ab638"
221,"Castleberry Fort Worth vs North Side Fort Worth",Football,"Texas",08/28/2026,07:00 PM,"The North Side Fort Worth varsity football team has an away non-conference game @ Castleberry Fort Worth (Texas) on Thursday, August 27 @ 7p.","/tx/football/game/castleberry-fort-worth-vs-north-side-fort-worth/8-28-2026/?c=cc1582c2-0b01-4ac7-9467-3ec7343ec3f4","https://www.maxpreps.com/tx/football/game/castleberry-fort-worth-vs-north-side-fort-worth/8-28-2026/?c=cc1582c2-0b01-4ac7-9467-3ec7343ec3f4"
222,"Covenant Classical Fort Worth vs Sacred Heart Muenster",Football,"Texas",08/28/2026,07:00 PM,"The Sacred Heart Muenster varsity football team has an away non-conference game @ Covenant Classical Fort Worth (Texas) on Thursday, August 27 @ 7p.","/tx/football/game/covenant-classical-fort-worth-vs-sacred-heart-muenster/8-28-2026/?c=d960a4a7-b6f8-434d-a911-22f89f81e979","https://www.maxpreps.com/tx/football/game/covenant-classical-fort-worth-vs-sacred-heart-muenster/8-28-2026/?c=d960a4a7-b6f8-434d-a911-22f89f81e979"
223,"Chillicothe vs Paint Creek Haskell",Football,"Texas",08/28/2026,07:00 PM,"The Paint Creek Haskell varsity football team has an away non-conference game @ Chillicothe (Texas) on Thursday, August 27 @ 7p.","/tx/football/game/chillicothe-vs-paint-creek-haskell/8-28-2026/?c=eb393ada-0c11-412e-8be4-a44a8e4fd77b","https://www.maxpreps.com/tx/football/game/chillicothe-vs-paint-creek-haskell/8-28-2026/?c=eb393ada-0c11-412e-8be4-a44a8e4fd77b"
224,"Harmony School Of Innovation Sugar Land vs Legacy Prep Christian Academy Magnolia",Football,"Texas",08/28/2026,07:00 PM,"The Legacy Prep Christian Academy Magnolia varsity football team has an away non-conference game @ Harmony School Of Innovation Sugar Land (Texas) on Thursday, August 27 @ 7p.","/tx/football/game/harmony-school-of-innovation-sugar-land-vs-legacy-prep-christian-academy-magnolia/8-28-2026/?c=6ae7d77b-76c4-43b0-ac39-5195909524a7","https://www.maxpreps.com/tx/football/game/harmony-school-of-innovation-sugar-land-vs-legacy-prep-christian-academy-magnolia/8-28-2026/?c=6ae7d77b-76c4-43b0-ac39-5195909524a7"
225,"Hill Country Knights Bertram vs Valor South Austin",Football,"Texas",08/28/2026,07:00 PM,"The Valor South Austin varsity football team has an away non-conference game @ Hill Country Knights Bertram (Texas) on Thursday, August 27 @ 7p.","/tx/football/game/hill-country-knights-bertram-vs-valor-south-austin/8-28-2026/?c=991b1d0a-ae0e-4b4e-80a2-1946ad17c484","https://www.maxpreps.com/tx/football/game/hill-country-knights-bertram-vs-valor-south-austin/8-28-2026/?c=991b1d0a-ae0e-4b4e-80a2-1946ad17c484"
226,"Panhandle Christian Home Educators Amarillo vs San Jacinto Christian Academy Amarillo",Football,"Texas",08/28/2026,07:00 PM,"The San Jacinto Christian Academy Amarillo varsity football team has an away non-conference game @ Panhandle Christian Home Educators Amarillo (Texas) on Thursday, August 27 @ 7p.","/tx/football/game/panhandle-christian-home-educators-amarillo-vs-san-jacinto-christian-academy-amarillo/8-28-2026/?c=db19c4bb-278a-4bcc-bda2-877b4390ba74","https://www.maxpreps.com/tx/football/game/panhandle-christian-home-educators-amarillo-vs-san-jacinto-christian-academy-amarillo/8-28-2026/?c=db19c4bb-278a-4bcc-bda2-877b4390ba74"
227,"Coastal Christian Homeschool Corpus Christi vs Westhoff Academy",Football,"Texas",08/28/2026,07:00 PM,"The Westhoff Academy varsity football team has an away non-conference game @ Coastal Christian Homeschool Corpus Christi (Texas) on Thursday, August 27 @ 7p.","/tx/football/game/coastal-christian-homeschool-corpus-christi-vs-westhoff-academy/8-28-2026/?c=f509da02-ee19-44e5-9483-5eb73d236f15","https://www.maxpreps.com/tx/football/game/coastal-christian-homeschool-corpus-christi-vs-westhoff-academy/8-28-2026/?c=f509da02-ee19-44e5-9483-5eb73d236f15"
228,"Faustina Academy Irving vs Heritage Christian Rockwall",Football,"Texas",08/28/2026,07:00 PM,"The Heritage Christian Rockwall varsity football team has an away non-conference game @ Faustina Academy Irving (Texas) on Thursday, August 27 @ 7p.","/tx/football/game/faustina-academy-irving-vs-heritage-christian-rockwall/8-28-2026/?c=0cf60f30-ceef-4dbc-b73a-0412c341e464","https://www.maxpreps.com/tx/football/game/faustina-academy-irving-vs-heritage-christian-rockwall/8-28-2026/?c=0cf60f30-ceef-4dbc-b73a-0412c341e464"
229,"Calvary Academy Denton vs Lakehill Prep Dallas",Football,"Texas",08/28/2026,07:00 PM,"The Lakehill Prep Dallas varsity football team has an away non-conference game @ Calvary Academy Denton (Texas) on Thursday, August 27 @ 7p.","/tx/football/game/calvary-academy-denton-vs-lakehill-prep-dallas/8-28-2026/?c=5a85ad85-edd6-4fd6-872b-7526541a7bd1","https://www.maxpreps.com/tx/football/game/calvary-academy-denton-vs-lakehill-prep-dallas/8-28-2026/?c=5a85ad85-edd6-4fd6-872b-7526541a7bd1"
230,"Founders Christian Spring Tx vs Non Varsity Opponent Intl",Football,"Texas",08/28/2026,07:00 PM,"The Non Varsity Opponent Intl varsity football team has an away non-conference game @ Founders Christian Spring Tx (Texas) on Thursday, August 27 @ 7p.","/tx/football/game/founders-christian-spring-tx-vs-non-varsity-opponent-intl/8-28-2026/?c=6ff401b9-e37a-4245-881f-4866a910d672","https://www.maxpreps.com/tx/football/game/founders-christian-spring-tx-vs-non-varsity-opponent-intl/8-28-2026/?c=6ff401b9-e37a-4245-881f-4866a910d672"
231,"Second Baptist Houston vs St Johns Houston",Football,"Texas",08/28/2026,07:00 PM,"The St Johns Houston varsity football team has an away non-conference game @ Second Baptist Houston (Texas) on Thursday, August 27 @ 7p.","/tx/football/game/second-baptist-houston-vs-st-johns-houston/8-28-2026/?c=afe75d86-2765-4439-a764-a9728f4456b3","https://www.maxpreps.com/tx/football/game/second-baptist-houston-vs-st-johns-houston/8-28-2026/?c=afe75d86-2765-4439-a764-a9728f4456b3"
232,"Bracken Christian Bulverde vs Nueces Canyon Barksdale",Football,"Texas",08/28/2026,07:00 PM,"The Nueces Canyon Barksdale varsity football team has an away non-conference game @ Bracken Christian Bulverde (Texas) on Thursday, August 27 @ 7p.","/tx/football/game/bracken-christian-bulverde-vs-nueces-canyon-barksdale/8-28-2026/?c=29e2e550-b3d4-4553-a12a-8b8d8001309d","https://www.maxpreps.com/tx/football/game/bracken-christian-bulverde-vs-nueces-canyon-barksdale/8-28-2026/?c=29e2e550-b3d4-4553-a12a-8b8d8001309d"
233,"La Pryor vs New Braunfels Christian Academy",Football,"Texas",08/28/2026,07:00 PM,"The New Braunfels Christian Academy varsity football team has an away non-conference game @ La Pryor (Texas) on Thursday, August 27 @ 7p.","/tx/football/game/la-pryor-vs-new-braunfels-christian-academy/8-28-2026/?c=4a78d007-ceca-4333-9064-e3d78988f98e","https://www.maxpreps.com/tx/football/game/la-pryor-vs-new-braunfels-christian-academy/8-28-2026/?c=4a78d007-ceca-4333-9064-e3d78988f98e"
234,"Covenant Christian Colleyville vs Trinity Leadership Cedar Hill",Football,"Texas",08/28/2026,07:00 PM,"The Trinity Leadership Cedar Hill varsity football team has an away non-conference game @ Covenant Christian Colleyville (Texas) on Thursday, August 27 @ 7p.","/tx/football/game/covenant-christian-colleyville-vs-trinity-leadership-cedar-hill/8-28-2026/?c=65b9514c-f7bc-4289-ba0f-92ba1ebfe87b","https://www.maxpreps.com/tx/football/game/covenant-christian-colleyville-vs-trinity-leadership-cedar-hill/8-28-2026/?c=65b9514c-f7bc-4289-ba0f-92ba1ebfe87b"
235,"Concordia Lutheran Tomball vs Prestonwood Christian Plano",Football,"Texas",08/28/2026,07:00 PM,"The Prestonwood Christian Plano varsity football team has an away non-conference game @ Concordia Lutheran Tomball (Texas) on Thursday, August 27 @ 7p.","/tx/football/game/concordia-lutheran-tomball-vs-prestonwood-christian-plano/8-28-2026/?c=bd18564c-265a-4f31-abb7-3421fb6a3bf7","https://www.maxpreps.com/tx/football/game/concordia-lutheran-tomball-vs-prestonwood-christian-plano/8-28-2026/?c=bd18564c-265a-4f31-abb7-3421fb6a3bf7"
236,"St Pauls Prep Arlington vs Temple Christian Fort Worth",Football,"Texas",08/28/2026,07:00 PM,"The Temple Christian Fort Worth varsity football team has an away non-conference game @ St Pauls Prep Arlington (Texas) on Thursday, August 27 @ 7p.","/tx/football/game/st-pauls-prep-arlington-vs-temple-christian-fort-worth/8-28-2026/?c=c9a49a2f-b9c8-4e80-bd98-42062bb22784","https://www.maxpreps.com/tx/football/game/st-pauls-prep-arlington-vs-temple-christian-fort-worth/8-28-2026/?c=c9a49a2f-b9c8-4e80-bd98-42062bb22784"
237,"Frassati Catholic Spring vs Northland Christian Houston",Football,"Texas",08/28/2026,07:00 PM,"The Northland Christian Houston varsity football team has an away non-conference game @ Frassati Catholic Spring (Texas) on Thursday, August 27 @ 7p.","/tx/football/game/frassati-catholic-spring-vs-northland-christian-houston/8-28-2026/?c=1fd15bfb-d770-4b4f-b478-e32445c7484e","https://www.maxpreps.com/tx/football/game/frassati-catholic-spring-vs-northland-christian-houston/8-28-2026/?c=1fd15bfb-d770-4b4f-b478-e32445c7484e"
238,"Kinkaid Houston vs Parish Episcopal Dallas",Football,"Texas",08/28/2026,07:00 PM,"The Parish Episcopal Dallas varsity football team has an away non-conference game @ Kinkaid Houston (Texas) on Thursday, August 27 @ 7p.","/tx/football/game/kinkaid-houston-vs-parish-episcopal-dallas/8-28-2026/?c=7ff3a184-f3be-4428-988b-db4202bfd77b","https://www.maxpreps.com/tx/football/game/kinkaid-houston-vs-parish-episcopal-dallas/8-28-2026/?c=7ff3a184-f3be-4428-988b-db4202bfd77b"
239,"Houston Christian vs Lutheran South Academy Houston",Football,"Texas",08/28/2026,07:00 PM,"The Lutheran South Academy Houston varsity football team has an away non-conference game @ Houston Christian (Texas) on Thursday, August 27 @ 7p.","/tx/football/game/houston-christian-vs-lutheran-south-academy-houston/8-28-2026/?c=662d505d-4d0a-4130-9642-53c748c8eeef","https://www.maxpreps.com/tx/football/game/houston-christian-vs-lutheran-south-academy-houston/8-28-2026/?c=662d505d-4d0a-4130-9642-53c748c8eeef"
240,"Episcopal School Of Dallas vs Trinity Christian Addison",Football,"Texas",08/28/2026,07:00 PM,"The Trinity Christian Addison varsity football team has an away non-conference game @ Episcopal School Of Dallas (Texas) on Thursday, August 27 @ 7p.","/tx/football/game/episcopal-school-of-dallas-vs-trinity-christian-addison/8-28-2026/?c=a33ea317-a364-411c-9423-d1a5facdd47c","https://www.maxpreps.com/tx/football/game/episcopal-school-of-dallas-vs-trinity-christian-addison/8-28-2026/?c=a33ea317-a364-411c-9423-d1a5facdd47c"
241,"Arlington Heights Christian Corpus Christi vs Benavides",Football,"Texas",08/28/2026,07:00 PM,"The Benavides varsity football team has an away non-conference game @ Arlington Heights Christian Corpus Christi (Texas) on Thursday, August 27 @ 7p.","/tx/football/game/arlington-heights-christian-corpus-christi-vs-benavides/8-28-2026/?c=fdab76c9-e0bd-44a0-97cb-23882de600dc","https://www.maxpreps.com/tx/football/game/arlington-heights-christian-corpus-christi-vs-benavides/8-28-2026/?c=fdab76c9-e0bd-44a0-97cb-23882de600dc"
242,"Bovina vs Floydada",Football,"Texas",08/28/2026,07:00 PM,"The Floydada varsity football team has an away non-conference game @ Bovina (Texas) on Thursday, August 27 @ 7p.","/tx/football/game/bovina-vs-floydada/8-28-2026/?c=377dda16-3b47-4ef9-a953-4921779e2cc1","https://www.maxpreps.com/tx/football/game/bovina-vs-floydada/8-28-2026/?c=377dda16-3b47-4ef9-a953-4921779e2cc1"
243,"Frenship Wolfforth vs Lubbock Cooper",Football,"Texas",08/28/2026,07:00 PM,"The Lubbock Cooper varsity football team has an away non-conference game @ Frenship Wolfforth (Texas) on Thursday, August 27 @ 7p.","/tx/football/game/frenship-wolfforth-vs-lubbock-cooper/8-28-2026/?c=ff7f8caf-8f2d-45db-b80c-dd97221e2b91","https://www.maxpreps.com/tx/football/game/frenship-wolfforth-vs-lubbock-cooper/8-28-2026/?c=ff7f8caf-8f2d-45db-b80c-dd97221e2b91"
244,"Fort Stockton Panthers And Prowlers vs Lake View San Angelo",Football,"Texas",08/28/2026,07:00 PM,"The Lake View San Angelo varsity football team has an away non-conference game @ Fort Stockton Panthers And Prowlers (Texas) on Thursday, August 27 @ 7p.","/tx/football/game/fort-stockton-panthers-and-prowlers-vs-lake-view-san-angelo/8-28-2026/?c=93dea5a1-38dd-47c8-ad1f-db3742a01fcd","https://www.maxpreps.com/tx/football/game/fort-stockton-panthers-and-prowlers-vs-lake-view-san-angelo/8-28-2026/?c=93dea5a1-38dd-47c8-ad1f-db3742a01fcd"
245,"Albany vs Hawley",Football,"Texas",08/28/2026,07:00 PM,"The Hawley varsity football team has an away non-conference game @ Albany (Texas) on Thursday, August 27 @ 7p.","/tx/football/game/albany-vs-hawley/8-28-2026/?c=89a41bb9-052d-4eb4-b4ed-7a9cb7e6e531","https://www.maxpreps.com/tx/football/game/albany-vs-hawley/8-28-2026/?c=89a41bb9-052d-4eb4-b4ed-7a9cb7e6e531"
246,"Plains vs Ralls",Football,"Texas",08/28/2026,07:00 PM,"The Ralls varsity football team has an away non-conference game @ Plains (Texas) on Thursday, August 27 @ 7p.","/tx/football/game/plains-vs-ralls/8-28-2026/?c=e501c774-1636-43c4-ac58-d127c59014c6","https://www.maxpreps.com/tx/football/game/plains-vs-ralls/8-28-2026/?c=e501c774-1636-43c4-ac58-d127c59014c6"
247,"Crosbyton vs Hamlin",Football,"Texas",08/28/2026,07:00 PM,"The Hamlin varsity football team has an away non-conference game @ Crosbyton (Texas) on Thursday, August 27 @ 7p.","/tx/football/game/crosbyton-vs-hamlin/8-28-2026/?c=cd4757e7-01e8-4e64-bcf3-2af2613252fa","https://www.maxpreps.com/tx/football/game/crosbyton-vs-hamlin/8-28-2026/?c=cd4757e7-01e8-4e64-bcf3-2af2613252fa"
248,"Grandfalls Royalty vs Sterling City",Football,"Texas",08/28/2026,07:00 PM,"The Sterling City varsity football team has an away non-conference game @ Grandfalls Royalty (Texas) on Thursday, August 27 @ 7p.","/tx/football/game/grandfalls-royalty-vs-sterling-city/8-28-2026/?c=dc4ceda2-beff-4d7d-9669-eac5e28008bf","https://www.maxpreps.com/tx/football/game/grandfalls-royalty-vs-sterling-city/8-28-2026/?c=dc4ceda2-beff-4d7d-9669-eac5e28008bf"
249,"Creekview Carrollton vs Macarthur Irving",Football,"Texas",08/28/2026,07:00 PM,"The Macarthur Irving varsity football team has an away non-conference game @ Creekview Carrollton (Texas) on Thursday, August 27 @ 7p.","/tx/football/game/creekview-carrollton-vs-macarthur-irving/8-28-2026/?c=2bdf5330-61db-4f9f-ae4f-c7efb9a3043b","https://www.maxpreps.com/tx/football/game/creekview-carrollton-vs-macarthur-irving/8-28-2026/?c=2bdf5330-61db-4f9f-ae4f-c7efb9a3043b"
250,"San Angelo Texas Leadership Charter Academy vs Tahoka",Football,"Texas",08/28/2026,07:00 PM,"The Tahoka varsity football team has an away non-conference game @ San Angelo Texas Leadership Charter Academy (Texas) on Thursday, August 27 @ 7p.","/tx/football/game/san-angelo-texas-leadership-charter-academy-vs-tahoka/8-28-2026/?c=ef45ec03-031b-4209-b679-ef60030f23f3","https://www.maxpreps.com/tx/football/game/san-angelo-texas-leadership-charter-academy-vs-tahoka/8-28-2026/?c=ef45ec03-031b-4209-b679-ef60030f23f3"
251,"Mineral Wells vs Vernon",Football,"Texas",08/28/2026,07:00 PM,"The Vernon varsity football team has an away non-conference game @ Mineral Wells (Texas) on Thursday, August 27 @ 7p.","/tx/football/game/mineral-wells-vs-vernon/8-28-2026/?c=7090b633-7162-4f9c-9b48-0e4646416926","https://www.maxpreps.com/tx/football/game/mineral-wells-vs-vernon/8-28-2026/?c=7090b633-7162-4f9c-9b48-0e4646416926"
252,"Crowell vs Saint Jo",Football,"Texas",08/28/2026,07:00 PM,"The Saint Jo varsity football team has an away non-conference game @ Crowell (Texas) on Thursday, August 27 @ 7p.","/tx/football/game/crowell-vs-saint-jo/8-28-2026/?c=c5dbb03d-4ff7-4bcc-8e2e-9265a576810e","https://www.maxpreps.com/tx/football/game/crowell-vs-saint-jo/8-28-2026/?c=c5dbb03d-4ff7-4bcc-8e2e-9265a576810e"
253,"Midland Texas Leadership Charter Academy vs Sierra Blanca",Football,"Texas",08/28/2026,07:00 PM,"The Sierra Blanca varsity football team has an away non-conference game @ Midland Texas Leadership Charter Academy (Texas) on Thursday, August 27 @ 7p.","/tx/football/game/midland-texas-leadership-charter-academy-vs-sierra-blanca/8-28-2026/?c=391069b4-a448-4040-ac28-fcfd0e49c66b","https://www.maxpreps.com/tx/football/game/midland-texas-leadership-charter-academy-vs-sierra-blanca/8-28-2026/?c=391069b4-a448-4040-ac28-fcfd0e49c66b"
254,"Bishop Reicher Catholic Waco vs Ctsa Outlaws Waco",Football,"Texas",08/28/2026,07:00 PM,"The Ctsa Outlaws Waco varsity football team has an away non-conference game @ Bishop Reicher Catholic Waco (Texas) on Thursday, August 27 @ 7p.","/tx/football/game/bishop-reicher-catholic-waco-vs-ctsa-outlaws-waco/8-28-2026/?c=efef6bee-e1e5-4ebd-8816-546ceee5490f","https://www.maxpreps.com/tx/football/game/bishop-reicher-catholic-waco-vs-ctsa-outlaws-waco/8-28-2026/?c=efef6bee-e1e5-4ebd-8816-546ceee5490f"
255,"Cistercian Irving vs Coram Deo Academy Flower Mound",Football,"Texas",08/28/2026,07:00 PM,"The Coram Deo Academy Flower Mound varsity football team has an away non-conference game @ Cistercian Irving (Texas) on Thursday, August 27 @ 7p.","/tx/football/game/cistercian-irving-vs-coram-deo-academy-flower-mound/8-28-2026/?c=f3eae801-e0e3-4a32-a08c-f75008a15350","https://www.maxpreps.com/tx/football/game/cistercian-irving-vs-coram-deo-academy-flower-mound/8-28-2026/?c=f3eae801-e0e3-4a32-a08c-f75008a15350"
256,"Buckholts vs Texas School For The Deaf Austin",Football,"Texas",08/28/2026,07:00 PM,"The Texas School For The Deaf Austin varsity football team has an away non-conference game @ Buckholts (Texas) on Thursday, August 27 @ 7p.","/tx/football/game/buckholts-vs-texas-school-for-the-deaf-austin/8-28-2026/?c=773790f2-3e59-4256-b172-8da8789a7d3f","https://www.maxpreps.com/tx/football/game/buckholts-vs-texas-school-for-the-deaf-austin/8-28-2026/?c=773790f2-3e59-4256-b172-8da8789a7d3f"
257,"Brazos Christian Bryan vs Regents Austin",Football,"Texas",08/28/2026,07:00 PM,"The Regents Austin varsity football team has an away non-conference game @ Brazos Christian Bryan (Texas) on Thursday, August 27 @ 7p.","/tx/football/game/brazos-christian-bryan-vs-regents-austin/8-28-2026/?c=ed262cf9-7935-4da2-ad53-707d56c540fd","https://www.maxpreps.com/tx/football/game/brazos-christian-bryan-vs-regents-austin/8-28-2026/?c=ed262cf9-7935-4da2-ad53-707d56c540fd"
258,"Hill Country Christian School Of Austin vs St Stephens Episcopal Austin",Football,"Texas",08/28/2026,07:00 PM,"The St Stephens Episcopal Austin varsity football team has an away non-conference game @ Hill Country Christian School Of Austin (Texas) on Thursday, August 27 @ 7p.","/tx/football/game/hill-country-christian-school-of-austin-vs-st-stephens-episcopal-austin/8-28-2026/?c=ef2c6e8c-d2b9-44c1-84c2-04609f5fd713","https://www.maxpreps.com/tx/football/game/hill-country-christian-school-of-austin-vs-st-stephens-episcopal-austin/8-28-2026/?c=ef2c6e8c-d2b9-44c1-84c2-04609f5fd713"
259,"St Andrews Austin vs St Paul Shiner",Football,"Texas",08/28/2026,07:00 PM,"The St Paul Shiner varsity football team has an away non-conference game @ St Andrews Austin (Texas) on Thursday, August 27 @ 7p.","/tx/football/game/st-andrews-austin-vs-st-paul-shiner/8-28-2026/?c=152d3586-700c-4492-94af-d010ce973c8c","https://www.maxpreps.com/tx/football/game/st-andrews-austin-vs-st-paul-shiner/8-28-2026/?c=152d3586-700c-4492-94af-d010ce973c8c"
260,"St Francis Episcopal Houston vs Westbury Christian Houston",Football,"Texas",08/28/2026,07:00 PM,"The Westbury Christian Houston varsity football team has an away non-conference game @ St Francis Episcopal Houston (Texas) on Thursday, August 27 @ 7p.","/tx/football/game/st-francis-episcopal-houston-vs-westbury-christian-houston/8-28-2026/?c=47a35437-7d6a-4448-81bd-e106ce7e8198","https://www.maxpreps.com/tx/football/game/st-francis-episcopal-houston-vs-westbury-christian-houston/8-28-2026/?c=47a35437-7d6a-4448-81bd-e106ce7e8198"
261,"Davinci Academy San Antonio vs St Augustine Laredo",Football,"Texas",08/28/2026,07:00 PM,"The St Augustine Laredo varsity football team has an away non-conference game @ Davinci Academy San Antonio (Texas) on Thursday, August 27 @ 7p.","/tx/football/game/davinci-academy-san-antonio-vs-st-augustine-laredo/8-28-2026/?c=30f15d50-a741-4bb1-9628-ef77d32304c0","https://www.maxpreps.com/tx/football/game/davinci-academy-san-antonio-vs-st-augustine-laredo/8-28-2026/?c=30f15d50-a741-4bb1-9628-ef77d32304c0"
262,"Covenant Christian Conroe vs Giddings Lonestar Southeast",Football,"Texas",08/28/2026,07:00 PM,"The Giddings Lonestar Southeast varsity football team has an away non-conference game @ Covenant Christian Conroe (Texas) on Thursday, August 27 @ 7p.","/tx/football/game/covenant-christian-conroe-vs-giddings-lonestar-southeast/8-28-2026/?c=75775554-3b76-40d1-9fe5-8328132278b2","https://www.maxpreps.com/tx/football/game/covenant-christian-conroe-vs-giddings-lonestar-southeast/8-28-2026/?c=75775554-3b76-40d1-9fe5-8328132278b2"
263,"St Pius X Houston vs The Woodlands Christian Academy",Football,"Texas",08/28/2026,07:00 PM,"The The Woodlands Christian Academy varsity football team has an away non-conference game @ St Pius X Houston (Texas) on Thursday, August 27 @ 7p.","/tx/football/game/st-pius-x-houston-vs-the-woodlands-christian-academy/8-28-2026/?c=9fae036d-833b-4a60-8547-3d00ffd88a48","https://www.maxpreps.com/tx/football/game/st-pius-x-houston-vs-the-woodlands-christian-academy/8-28-2026/?c=9fae036d-833b-4a60-8547-3d00ffd88a48"
264,"Shelton Dallas vs Trinity Christian Willow Park",Football,"Texas",08/28/2026,07:00 PM,"The Trinity Christian Willow Park varsity football team has an away non-conference game @ Shelton Dallas (Texas) on Thursday, August 27 @ 7p.","/tx/football/game/shelton-dallas-vs-trinity-christian-willow-park/8-28-2026/?c=b7d0ad07-32d4-42d8-b073-ad7261be3956","https://www.maxpreps.com/tx/football/game/shelton-dallas-vs-trinity-christian-willow-park/8-28-2026/?c=b7d0ad07-32d4-42d8-b073-ad7261be3956"
265,"Cooper The Woodlands vs Fort Bend Christian Academy Sugar Land",Football,"Texas",08/28/2026,07:00 PM,"The Fort Bend Christian Academy Sugar Land varsity football team has an away non-conference game @ Cooper The Woodlands (Texas) on Thursday, August 27 @ 7p.","/tx/football/game/cooper-the-woodlands-vs-fort-bend-christian-academy-sugar-land/8-28-2026/?c=9e7d9ff9-92e5-48fa-abc3-d68acabebfdc","https://www.maxpreps.com/tx/football/game/cooper-the-woodlands-vs-fort-bend-christian-academy-sugar-land/8-28-2026/?c=9e7d9ff9-92e5-48fa-abc3-d68acabebfdc"
266,"Greenhill Addison vs John Paul Ii Plano",Football,"Texas",08/28/2026,07:00 PM,"The John Paul Ii Plano varsity football team has an away non-conference game @ Greenhill Addison (Texas) on Thursday, August 27 @ 7p.","/tx/football/game/greenhill-addison-vs-john-paul-ii-plano/8-28-2026/?c=a7cc3b94-dcf8-4a77-9c27-af41d3e17549","https://www.maxpreps.com/tx/football/game/greenhill-addison-vs-john-paul-ii-plano/8-28-2026/?c=a7cc3b94-dcf8-4a77-9c27-af41d3e17549"
267,"Mercy Culture Prep Fort Worth vs Prince Of Peace Carrollton",Football,"Texas",08/28/2026,07:00 PM,"The Prince Of Peace Carrollton varsity football team has an away non-conference game @ Mercy Culture Prep Fort Worth (Texas) on Thursday, August 27 @ 7p.","/tx/football/game/mercy-culture-prep-fort-worth-vs-prince-of-peace-carrollton/8-28-2026/?c=bcb11d27-b6df-4b8d-a2d6-0942c407d62b","https://www.maxpreps.com/tx/football/game/mercy-culture-prep-fort-worth-vs-prince-of-peace-carrollton/8-28-2026/?c=bcb11d27-b6df-4b8d-a2d6-0942c407d62b"
268,"Bay Area Christian League City vs Pantego Christian Arlington",Football,"Texas",08/28/2026,07:00 PM,"The Pantego Christian Arlington varsity football team has an away non-conference game @ Bay Area Christian League City (Texas) on Thursday, August 27 @ 7p.","/tx/football/game/bay-area-christian-league-city-vs-pantego-christian-arlington/8-28-2026/?c=da7ef790-de9f-44ad-924e-479c6c05195f","https://www.maxpreps.com/tx/football/game/bay-area-christian-league-city-vs-pantego-christian-arlington/8-28-2026/?c=da7ef790-de9f-44ad-924e-479c6c05195f"
269,"Brook Hill Bullard vs Brownsboro",Football,"Texas",08/28/2026,07:00 PM,"The Brownsboro varsity football team has an away non-conference game @ Brook Hill Bullard (Texas) on Thursday, August 27 @ 7p.","/tx/football/game/brook-hill-bullard-vs-brownsboro/8-28-2026/?c=35efbe8e-551e-4ba9-ba08-d373d4ffcb6a","https://www.maxpreps.com/tx/football/game/brook-hill-bullard-vs-brownsboro/8-28-2026/?c=35efbe8e-551e-4ba9-ba08-d373d4ffcb6a"
270,"Baytown Christian vs Second Baptist University Model Cypress",Football,"Texas",08/28/2026,07:00 PM,"The Second Baptist University Model Cypress varsity football team has an away non-conference game @ Baytown Christian (Texas) on Thursday, August 27 @ 7p.","/tx/football/game/baytown-christian-vs-second-baptist-university-model-cypress/8-28-2026/?c=6389af54-4e2b-4f06-9bb4-dddf9899be33","https://www.maxpreps.com/tx/football/game/baytown-christian-vs-second-baptist-university-model-cypress/8-28-2026/?c=6389af54-4e2b-4f06-9bb4-dddf9899be33"
271,"Episcopal Bellaire vs St Thomas Catholic Houston",Football,"Texas",08/28/2026,07:00 PM,"The St Thomas Catholic Houston varsity football team has an away non-conference game @ Episcopal Bellaire (Texas) on Thursday, August 27 @ 7p.","/tx/football/game/episcopal-bellaire-vs-st-thomas-catholic-houston/8-28-2026/?c=cbe879d3-c11f-4b50-8eb2-70e4d027236c","https://www.maxpreps.com/tx/football/game/episcopal-bellaire-vs-st-thomas-catholic-houston/8-28-2026/?c=cbe879d3-c11f-4b50-8eb2-70e4d027236c"
272,"Dallas Academy vs Highlands Irving",Football,"Texas",08/28/2026,07:00 PM,"The Highlands Irving varsity football team has an away non-conference game @ Dallas Academy (Texas) on Thursday, August 27 @ 7p.","/tx/football/game/dallas-academy-vs-highlands-irving/8-28-2026/?c=78cfcc8f-c9b0-45f4-ac69-e0243e27eed1","https://www.maxpreps.com/tx/football/game/dallas-academy-vs-highlands-irving/8-28-2026/?c=78cfcc8f-c9b0-45f4-ac69-e0243e27eed1"
273,"Nazarene Christian Academy Crowley vs Vanguard College Prep Waco",Football,"Texas",08/28/2026,07:00 PM,"The Vanguard College Prep Waco varsity football team has an away non-conference game @ Nazarene Christian Academy Crowley (Texas) on Thursday, August 27 @ 7p.","/tx/football/game/nazarene-christian-academy-crowley-vs-vanguard-college-prep-waco/8-28-2026/?c=3bec770f-5a5f-4681-9f15-311dd6e7488a","https://www.maxpreps.com/tx/football/game/nazarene-christian-academy-crowley-vs-vanguard-college-prep-waco/8-28-2026/?c=3bec770f-5a5f-4681-9f15-311dd6e7488a"
274,"John Paul Ii New Braunfels vs Pettus",Football,"Texas",08/28/2026,07:00 PM,"The Pettus varsity football team has an away non-conference game @ John Paul Ii New Braunfels (Texas) on Thursday, August 27 @ 7p.","/tx/football/game/john-paul-ii-new-braunfels-vs-pettus/8-28-2026/?c=e79f0b25-e706-4684-972b-075f0ff9ba10","https://www.maxpreps.com/tx/football/game/john-paul-ii-new-braunfels-vs-pettus/8-28-2026/?c=e79f0b25-e706-4684-972b-075f0ff9ba10"
275,"Brentwood Christian Austin vs Central Texas Christian Temple",Football,"Texas",08/28/2026,07:00 PM,"The Central Texas Christian Temple varsity football team has an away non-conference game @ Brentwood Christian Austin (Texas) on Thursday, August 27 @ 7p.","/tx/football/game/brentwood-christian-austin-vs-central-texas-christian-temple/8-28-2026/?c=65eb4cd6-15ca-4373-8fdd-089b186d0ecf","https://www.maxpreps.com/tx/football/game/brentwood-christian-austin-vs-central-texas-christian-temple/8-28-2026/?c=65eb4cd6-15ca-4373-8fdd-089b186d0ecf"
276,"St Joseph Academy Brownsville vs Veterans Memorial Brownsville",Football,"Texas",08/28/2026,07:00 PM,"The Veterans Memorial Brownsville varsity football team has an away non-conference game @ St Joseph Academy Brownsville (Texas) on Thursday, August 27 @ 7p.","/tx/football/game/st-joseph-academy-brownsville-vs-veterans-memorial-brownsville/8-28-2026/?c=0aaa192a-01e6-4b8c-8319-2f41be1d3342","https://www.maxpreps.com/tx/football/game/st-joseph-academy-brownsville-vs-veterans-memorial-brownsville/8-28-2026/?c=0aaa192a-01e6-4b8c-8319-2f41be1d3342"
277,"Annapolis Christian Academy Corpus Christi vs Runge",Football,"Texas",08/28/2026,07:00 PM,"The Runge varsity football team has an away non-conference game @ Annapolis Christian Academy Corpus Christi (Texas) on Thursday, August 27 @ 7p.","/tx/football/game/annapolis-christian-academy-corpus-christi-vs-runge/8-28-2026/?c=83ff4cbc-1830-4459-b4fc-cde90641c048","https://www.maxpreps.com/tx/football/game/annapolis-christian-academy-corpus-christi-vs-runge/8-28-2026/?c=83ff4cbc-1830-4459-b4fc-cde90641c048"
278,"Geneva Boerne vs Natalia",Football,"Texas",08/28/2026,07:00 PM,"The Natalia varsity football team has an away non-conference game @ Geneva Boerne (Texas) on Thursday, August 27 @ 7p.","/tx/football/game/geneva-boerne-vs-natalia/8-28-2026/?c=719b133f-c85f-4ca4-bfb7-d46aaf41f22c","https://www.maxpreps.com/tx/football/game/geneva-boerne-vs-natalia/8-28-2026/?c=719b133f-c85f-4ca4-bfb7-d46aaf41f22c"
279,"Seagraves vs Trinity Christian Lubbock",Football,"Texas",08/28/2026,07:00 PM,"The Trinity Christian Lubbock varsity football team has an away non-conference game @ Seagraves (Texas) on Thursday, August 27 @ 7p.","/tx/football/game/seagraves-vs-trinity-christian-lubbock/8-28-2026/?c=9e115a11-8916-4aaa-9ba5-d8b757b02f26","https://www.maxpreps.com/tx/football/game/seagraves-vs-trinity-christian-lubbock/8-28-2026/?c=9e115a11-8916-4aaa-9ba5-d8b757b02f26"
280,"First Baptist Dallas vs Grace Community Tyler",Football,"Texas",08/28/2026,07:00 PM,"The Grace Community Tyler varsity football team has an away non-conference game @ First Baptist Dallas (Texas) on Thursday, August 27 @ 7p.","/tx/football/game/first-baptist-dallas-vs-grace-community-tyler/8-28-2026/?c=07470c0c-c2b8-4414-b9ea-09b2de63bcfc","https://www.maxpreps.com/tx/football/game/first-baptist-dallas-vs-grace-community-tyler/8-28-2026/?c=07470c0c-c2b8-4414-b9ea-09b2de63bcfc"
281,"Deweyville vs Kelly Catholic Beaumont",Football,"Texas",08/28/2026,07:00 PM,"The Kelly Catholic Beaumont varsity football team has an away non-conference game @ Deweyville (Texas) on Thursday, August 27 @ 7p.","/tx/football/game/deweyville-vs-kelly-catholic-beaumont/8-28-2026/?c=66a57940-5e35-4de7-a36d-33156ddaa63c","https://www.maxpreps.com/tx/football/game/deweyville-vs-kelly-catholic-beaumont/8-28-2026/?c=66a57940-5e35-4de7-a36d-33156ddaa63c"
282,"Savio Austin vs Tmi Episcopal San Antonio",Football,"Texas",08/28/2026,07:00 PM,"The Tmi Episcopal San Antonio varsity football team has an away non-conference game @ Savio Austin (Texas) on Thursday, August 27 @ 7p.","/tx/football/game/savio-austin-vs-tmi-episcopal-san-antonio/8-28-2026/?c=31dc7fa3-2aaf-4b2e-bc22-43935dcddbd6","https://www.maxpreps.com/tx/football/game/savio-austin-vs-tmi-episcopal-san-antonio/8-28-2026/?c=31dc7fa3-2aaf-4b2e-bc22-43935dcddbd6"
283,"All Saints Fort Worth vs Liberty Christian Argyle",Football,"Texas",08/28/2026,07:00 PM,"The Liberty Christian Argyle varsity football team has an away non-conference game @ All Saints Fort Worth (Texas) on Thursday, August 27 @ 7p.","/tx/football/game/all-saints-fort-worth-vs-liberty-christian-argyle/8-28-2026/?c=78594cc8-926d-4318-8579-0c2b87aff287","https://www.maxpreps.com/tx/football/game/all-saints-fort-worth-vs-liberty-christian-argyle/8-28-2026/?c=78594cc8-926d-4318-8579-0c2b87aff287"
284,"High Island vs Second Baptist University Model Houston",Football,"Texas",08/28/2026,07:00 PM,"The Second Baptist University Model Houston varsity football team has an away non-conference game @ High Island (Texas) on Thursday, August 27 @ 7p.","/tx/football/game/high-island-vs-second-baptist-university-model-houston/8-28-2026/?c=6a174d0a-fbdd-43bc-9676-aa47a3fd42fb","https://www.maxpreps.com/tx/football/game/high-island-vs-second-baptist-university-model-houston/8-28-2026/?c=6a174d0a-fbdd-43bc-9676-aa47a3fd42fb"
285,"Farwell vs New Deal",Football,"Texas",08/28/2026,07:00 PM,"The New Deal varsity football team has an away non-conference game @ Farwell (Texas) on Thursday, August 27 @ 7p.","/tx/football/game/farwell-vs-new-deal/8-28-2026/?c=0e81e973-7f97-45af-9620-d95ba3637e8d","https://www.maxpreps.com/tx/football/game/farwell-vs-new-deal/8-28-2026/?c=0e81e973-7f97-45af-9620-d95ba3637e8d"
286,"Abilene Christian vs Christ The King Cathedral Lubbock",Football,"Texas",08/28/2026,07:00 PM,"The Christ The King Cathedral Lubbock varsity football team has an away non-conference game @ Abilene Christian (Texas) on Thursday, August 27 @ 7p.","/tx/football/game/abilene-christian-vs-christ-the-king-cathedral-lubbock/8-28-2026/?c=87ee5972-697f-43dc-9dbe-4251bb49e22f","https://www.maxpreps.com/tx/football/game/abilene-christian-vs-christ-the-king-cathedral-lubbock/8-28-2026/?c=87ee5972-697f-43dc-9dbe-4251bb49e22f"
287,"Cornerstone Christian Academy Mckinney vs Savoy",Football,"Texas",08/28/2026,07:00 PM,"The Savoy varsity football team has an away non-conference game @ Cornerstone Christian Academy Mckinney (Texas) on Thursday, August 27 @ 7p.","/tx/football/game/cornerstone-christian-academy-mckinney-vs-savoy/8-28-2026/?c=46ce0477-7687-4150-afae-17cc2d4fc566","https://www.maxpreps.com/tx/football/game/cornerstone-christian-academy-mckinney-vs-savoy/8-28-2026/?c=46ce0477-7687-4150-afae-17cc2d4fc566"
288,"Kingdom Prep Academy Lubbock vs Plainview Classical Academy",Football,"Texas",08/28/2026,07:00 PM,"The Plainview Classical Academy varsity football team has an away non-conference game @ Kingdom Prep Academy Lubbock (Texas) on Thursday, August 27 @ 7p.","/tx/football/game/kingdom-prep-academy-lubbock-vs-plainview-classical-academy/8-28-2026/?c=a01467d1-5c40-43a7-98fa-c77a02734505","https://www.maxpreps.com/tx/football/game/kingdom-prep-academy-lubbock-vs-plainview-classical-academy/8-28-2026/?c=a01467d1-5c40-43a7-98fa-c77a02734505"
289,"Sacred Heart Hallettsville vs St Joseph Victoria",Football,"Texas",08/28/2026,07:00 PM,"The St Joseph Victoria varsity football team has an away non-conference game @ Sacred Heart Hallettsville (Texas) on Thursday, August 27 @ 7p.","/tx/football/game/sacred-heart-hallettsville-vs-st-joseph-victoria/8-28-2026/?c=56604029-42b2-48bb-b980-1232f718ea0c","https://www.maxpreps.com/tx/football/game/sacred-heart-hallettsville-vs-st-joseph-victoria/8-28-2026/?c=56604029-42b2-48bb-b980-1232f718ea0c"
290,"Center Point vs St Anthony San Antonio",Football,"Texas",08/28/2026,07:00 PM,"The St Anthony San Antonio varsity football team has an away non-conference game @ Center Point (Texas) on Thursday, August 27 @ 7p.","/tx/football/game/center-point-vs-st-anthony-san-antonio/8-28-2026/?c=e9fd778f-fb60-487e-a3c5-b35bfb3fb2ac","https://www.maxpreps.com/tx/football/game/center-point-vs-st-anthony-san-antonio/8-28-2026/?c=e9fd778f-fb60-487e-a3c5-b35bfb3fb2ac"
291,"Covenant Dallas vs St Michaels Austin",Football,"Texas",08/28/2026,07:00 PM,"The St Michaels Austin varsity football team has an away non-conference game @ Covenant Dallas (Texas) on Thursday, August 27 @ 7p.","/tx/football/game/covenant-dallas-vs-st-michaels-austin/8-28-2026/?c=4b54a359-3961-4a84-a8fc-09d1355f04cf","https://www.maxpreps.com/tx/football/game/covenant-dallas-vs-st-michaels-austin/8-28-2026/?c=4b54a359-3961-4a84-a8fc-09d1355f04cf"
292,"Randolph Universal City vs San Antonio Christian",Football,"Texas",08/28/2026,07:00 PM,"The San Antonio Christian varsity football team has an away non-conference game @ Randolph Universal City (Texas) on Thursday, August 27 @ 7p.","/tx/football/game/randolph-universal-city-vs-san-antonio-christian/8-28-2026/?c=8cfb1469-03e5-4a31-a57b-cf6357f58c2b","https://www.maxpreps.com/tx/football/game/randolph-universal-city-vs-san-antonio-christian/8-28-2026/?c=8cfb1469-03e5-4a31-a57b-cf6357f58c2b"
293,"Concordia Round Rock vs Lutheran San Antonio",Football,"Texas",08/28/2026,07:00 PM,"The Lutheran San Antonio varsity football team has an away non-conference game @ Concordia Round Rock (Texas) on Thursday, August 27 @ 7p.","/tx/football/game/concordia-round-rock-vs-lutheran-san-antonio/8-28-2026/?c=1c61fae3-39c8-42d8-a15a-5d5650d207b6","https://www.maxpreps.com/tx/football/game/concordia-round-rock-vs-lutheran-san-antonio/8-28-2026/?c=1c61fae3-39c8-42d8-a15a-5d5650d207b6"
294,"Brady vs Comfort",Football,"Texas",08/28/2026,07:00 PM,"The Comfort varsity football team has an away non-conference game @ Brady (Texas) on Thursday, August 27 @ 7p.","/tx/football/game/brady-vs-comfort/8-28-2026/?c=7b11a88b-85f1-4405-97c6-b3e4b97671f8","https://www.maxpreps.com/tx/football/game/brady-vs-comfort/8-28-2026/?c=7b11a88b-85f1-4405-97c6-b3e4b97671f8"
295,"Austin Achieve vs Smithville",Football,"Texas",08/28/2026,07:00 PM,"The Smithville varsity football team has an away non-conference game @ Austin Achieve (Texas) on Thursday, August 27 @ 7p.","/tx/football/game/austin-achieve-vs-smithville/8-28-2026/?c=9f30c683-c7a7-4348-9582-db99fec5b387","https://www.maxpreps.com/tx/football/game/austin-achieve-vs-smithville/8-28-2026/?c=9f30c683-c7a7-4348-9582-db99fec5b387"
296,"Lake Highlands Dallas vs Marshall San Antonio",Football,"Texas",08/28/2026,07:00 PM,"The Marshall San Antonio varsity football team has an away non-conference game @ Lake Highlands Dallas (Texas) on Thursday, August 27 @ 7p.","/tx/football/game/lake-highlands-dallas-vs-marshall-san-antonio/8-28-2026/?c=06013adc-2091-4540-9aa3-a8a321319f91","https://www.maxpreps.com/tx/football/game/lake-highlands-dallas-vs-marshall-san-antonio/8-28-2026/?c=06013adc-2091-4540-9aa3-a8a321319f91"
297,"Parkland El Paso vs Riverside El Paso",Football,"Texas",08/28/2026,07:00 PM,"The Riverside El Paso varsity football team has an away non-conference game @ Parkland El Paso (Texas) on Thursday, August 27 @ 7p.","/tx/football/game/parkland-el-paso-vs-riverside-el-paso/8-28-2026/?c=dd44bc89-cc27-4f69-8240-bad5114c9b60","https://www.maxpreps.com/tx/football/game/parkland-el-paso-vs-riverside-el-paso/8-28-2026/?c=dd44bc89-cc27-4f69-8240-bad5114c9b60"
298,"Bowie El Paso vs Jefferson El Paso",Football,"Texas",08/28/2026,07:00 PM,"The Jefferson El Paso varsity football team has an away non-conference game @ Bowie El Paso (Texas) on Thursday, August 27 @ 7p.","/tx/football/game/bowie-el-paso-vs-jefferson-el-paso/8-28-2026/?c=5ac9546f-3153-4821-80ad-8e4906d0305e","https://www.maxpreps.com/tx/football/game/bowie-el-paso-vs-jefferson-el-paso/8-28-2026/?c=5ac9546f-3153-4821-80ad-8e4906d0305e"
299,"Horizon El Paso vs Pecos",Football,"Texas",08/28/2026,07:00 PM,"The Pecos varsity football team has an away non-conference game @ Horizon El Paso (Texas) on Thursday, August 27 @ 7p.","/tx/football/game/horizon-el-paso-vs-pecos/8-28-2026/?c=469d8608-d937-4672-a302-b11ea2544fa3","https://www.maxpreps.com/tx/football/game/horizon-el-paso-vs-pecos/8-28-2026/?c=469d8608-d937-4672-a302-b11ea2544fa3"
300,"Mansfield vs Martin Arlington",Football,"Texas",08/28/2026,07:00 PM,"The Martin Arlington varsity football team has an away non-conference game @ Mansfield (Texas) on Thursday, August 27 @ 7p.","/tx/football/game/mansfield-vs-martin-arlington/8-28-2026/?c=2aa74429-5a95-4273-a0c4-aa95972cdb7f","https://www.maxpreps.com/tx/football/game/mansfield-vs-martin-arlington/8-28-2026/?c=2aa74429-5a95-4273-a0c4-aa95972cdb7f"
301,"Andrews vs Clint",Football,"Texas",08/28/2026,07:00 PM,"The Clint varsity football team has an away non-conference game @ Andrews (Texas) on Thursday, August 27 @ 7p.","/tx/football/game/andrews-vs-clint/8-28-2026/?c=1eb28a88-fc67-454f-b572-fa896cf270dc","https://www.maxpreps.com/tx/football/game/andrews-vs-clint/8-28-2026/?c=1eb28a88-fc67-454f-b572-fa896cf270dc"
302,"Boswell Fort Worth vs Saginaw",Football,"Texas",08/28/2026,07:00 PM,"The Saginaw varsity football team has an away non-conference game @ Boswell Fort Worth (Texas) on Thursday, August 27 @ 7p.","/tx/football/game/boswell-fort-worth-vs-saginaw/8-28-2026/?c=59d7296f-c093-466a-8aed-06b80e5e1113","https://www.maxpreps.com/tx/football/game/boswell-fort-worth-vs-saginaw/8-28-2026/?c=59d7296f-c093-466a-8aed-06b80e5e1113"
303,"Decatur vs Eagle Mountain Fort Worth",Football,"Texas",08/28/2026,07:00 PM,"The Eagle Mountain Fort Worth varsity football team has an away non-conference game @ Decatur (Texas) on Thursday, August 27 @ 7p.","/tx/football/game/decatur-vs-eagle-mountain-fort-worth/8-28-2026/?c=46ea6bdf-4859-43c0-9304-a2189ad274f4","https://www.maxpreps.com/tx/football/game/decatur-vs-eagle-mountain-fort-worth/8-28-2026/?c=46ea6bdf-4859-43c0-9304-a2189ad274f4"
304,"Grapevine vs Legacy Wichita Falls",Football,"Texas",08/28/2026,07:00 PM,"The Legacy Wichita Falls varsity football team has an away non-conference game @ Grapevine (Texas) on Thursday, August 27 @ 7p.","/tx/football/game/grapevine-vs-legacy-wichita-falls/8-28-2026/?c=a6811ec9-edcf-4065-b571-4615862e4b51","https://www.maxpreps.com/tx/football/game/grapevine-vs-legacy-wichita-falls/8-28-2026/?c=a6811ec9-edcf-4065-b571-4615862e4b51"
305,"Lake Dallas Corinth vs Sanger",Football,"Texas",08/28/2026,07:00 PM,"The Sanger varsity football team has an away non-conference game @ Lake Dallas Corinth (Texas) on Thursday, August 27 @ 7p.","/tx/football/game/lake-dallas-corinth-vs-sanger/8-28-2026/?c=fdc0d93b-b779-4195-84b1-213a09fb7e41","https://www.maxpreps.com/tx/football/game/lake-dallas-corinth-vs-sanger/8-28-2026/?c=fdc0d93b-b779-4195-84b1-213a09fb7e41"
306,"Canyon vs Snyder",Football,"Texas",08/28/2026,07:00 PM,"The Snyder varsity football team has an away non-conference game @ Canyon (Texas) on Thursday, August 27 @ 7p.","/tx/football/game/canyon-vs-snyder/8-28-2026/?c=ce5c300f-581b-4e03-ad24-48c2272d0a97","https://www.maxpreps.com/tx/football/game/canyon-vs-snyder/8-28-2026/?c=ce5c300f-581b-4e03-ad24-48c2272d0a97"
307,"Dalhart vs Perryton",Football,"Texas",08/28/2026,07:00 PM,"The Perryton varsity football team has an away non-conference game @ Dalhart (Texas) on Thursday, August 27 @ 7p.","/tx/football/game/dalhart-vs-perryton/8-28-2026/?c=74de1091-2ded-4728-9b83-8675be174463","https://www.maxpreps.com/tx/football/game/dalhart-vs-perryton/8-28-2026/?c=74de1091-2ded-4728-9b83-8675be174463"
308,"Midland Legacy Rebels vs Plano",Football,"Texas",08/28/2026,07:00 PM,"The Plano varsity football team has an away non-conference game @ Midland Legacy Rebels (Texas) on Thursday, August 27 @ 7p.","/tx/football/game/midland-legacy-rebels-vs-plano/8-28-2026/?c=b568e42d-b0dd-4a80-a288-55ac0e2a369c","https://www.maxpreps.com/tx/football/game/midland-legacy-rebels-vs-plano/8-28-2026/?c=b568e42d-b0dd-4a80-a288-55ac0e2a369c"
309,"Mckinney vs Mckinney North",Football,"Texas",08/28/2026,07:00 PM,"The Mckinney North varsity football team has an away non-conference game @ Mckinney (Texas) on Thursday, August 27 @ 7p.","/tx/football/game/mckinney-vs-mckinney-north/8-28-2026/?c=064cf5a6-e25c-4b8c-8507-73aa57189d6b","https://www.maxpreps.com/tx/football/game/mckinney-vs-mckinney-north/8-28-2026/?c=064cf5a6-e25c-4b8c-8507-73aa57189d6b"
310,"Dallas Jesuit vs Sachse",Football,"Texas",08/28/2026,07:00 PM,"The Sachse varsity football team has an away non-conference game @ Dallas Jesuit (Texas) on Thursday, August 27 @ 7p.","/tx/football/game/dallas-jesuit-vs-sachse/8-28-2026/?c=fc5004fd-4701-4f77-ba1f-16370ee80464","https://www.maxpreps.com/tx/football/game/dallas-jesuit-vs-sachse/8-28-2026/?c=fc5004fd-4701-4f77-ba1f-16370ee80464"
311,"Coppell vs Hebron Carrollton",Football,"Texas",08/28/2026,07:00 PM,"The Hebron Carrollton varsity football team has an away non-conference game @ Coppell (Texas) on Thursday, August 27 @ 7p.","/tx/football/game/coppell-vs-hebron-carrollton/8-28-2026/?c=3c1d3b2a-d311-4449-b531-1da6089e9c23","https://www.maxpreps.com/tx/football/game/coppell-vs-hebron-carrollton/8-28-2026/?c=3c1d3b2a-d311-4449-b531-1da6089e9c23"
312,"Friona vs Muleshoe",Football,"Texas",08/28/2026,07:00 PM,"The Muleshoe varsity football team has an away non-conference game @ Friona (Texas) on Thursday, August 27 @ 7p.","/tx/football/game/friona-vs-muleshoe/8-28-2026/?c=329a2443-f13a-4457-9143-b05f924a9761","https://www.maxpreps.com/tx/football/game/friona-vs-muleshoe/8-28-2026/?c=329a2443-f13a-4457-9143-b05f924a9761"
313,"Braswell Little Elm vs Crandall",Football,"Texas",08/28/2026,07:00 PM,"The Crandall varsity football team has an away non-conference game @ Braswell Little Elm (Texas) on Thursday, August 27 @ 7p.","/tx/football/game/braswell-little-elm-vs-crandall/8-28-2026/?c=219bf9ef-19ff-4ce5-bd4e-444d93bd1c4b","https://www.maxpreps.com/tx/football/game/braswell-little-elm-vs-crandall/8-28-2026/?c=219bf9ef-19ff-4ce5-bd4e-444d93bd1c4b"
314,"Abilene vs San Angelo Central",Football,"Texas",08/28/2026,07:00 PM,"The San Angelo Central varsity football team has an away non-conference game @ Abilene (Texas) on Thursday, August 27 @ 7p.","/tx/football/game/abilene-vs-san-angelo-central/8-28-2026/?c=2dbb8ea7-5710-4b0a-97d3-96917e1b20f0","https://www.maxpreps.com/tx/football/game/abilene-vs-san-angelo-central/8-28-2026/?c=2dbb8ea7-5710-4b0a-97d3-96917e1b20f0"
315,"South Grand Prairie vs Timber Creek Fort Worth",Football,"Texas",08/28/2026,07:00 PM,"The Timber Creek Fort Worth varsity football team has an away non-conference game @ South Grand Prairie (Texas) on Thursday, August 27 @ 7p.","/tx/football/game/south-grand-prairie-vs-timber-creek-fort-worth/8-28-2026/?c=836ddf40-c23b-4066-9a6a-a7adc6a9f0eb","https://www.maxpreps.com/tx/football/game/south-grand-prairie-vs-timber-creek-fort-worth/8-28-2026/?c=836ddf40-c23b-4066-9a6a-a7adc6a9f0eb"
316,"Levelland vs Plainview",Football,"Texas",08/28/2026,07:00 PM,"The Plainview varsity football team has an away non-conference game @ Levelland (Texas) on Thursday, August 27 @ 7p.","/tx/football/game/levelland-vs-plainview/8-28-2026/?c=a9a9ba13-6508-4db4-b3a9-8107b9c1e1e8","https://www.maxpreps.com/tx/football/game/levelland-vs-plainview/8-28-2026/?c=a9a9ba13-6508-4db4-b3a9-8107b9c1e1e8"
317,"Everman vs Poteet Mesquite",Football,"Texas",08/28/2026,07:00 PM,"The Poteet Mesquite varsity football team has an away non-conference game @ Everman (Texas) on Thursday, August 27 @ 7p.","/tx/football/game/everman-vs-poteet-mesquite/8-28-2026/?c=a047b791-5c87-4adb-a3b5-f5f1985f4a2a","https://www.maxpreps.com/tx/football/game/everman-vs-poteet-mesquite/8-28-2026/?c=a047b791-5c87-4adb-a3b5-f5f1985f4a2a"
318,"Coronado El Paso vs El Dorado El Paso",Football,"Texas",08/28/2026,07:00 PM,"The El Dorado El Paso varsity football team has an away non-conference game @ Coronado El Paso (Texas) on Thursday, August 27 @ 7p.","/tx/football/game/coronado-el-paso-vs-el-dorado-el-paso/8-28-2026/?c=988b1c79-1b96-4a37-a528-0ae5a32dd44c","https://www.maxpreps.com/tx/football/game/coronado-el-paso-vs-el-dorado-el-paso/8-28-2026/?c=988b1c79-1b96-4a37-a528-0ae5a32dd44c"
319,"Chisholm Trail Fort Worth vs Midlothian",Football,"Texas",08/28/2026,07:00 PM,"The Midlothian varsity football team has an away non-conference game @ Chisholm Trail Fort Worth (Texas) on Thursday, August 27 @ 7p.","/tx/football/game/chisholm-trail-fort-worth-vs-midlothian/8-28-2026/?c=6ad780f9-8135-4f5f-a163-dd2a52dda530","https://www.maxpreps.com/tx/football/game/chisholm-trail-fort-worth-vs-midlothian/8-28-2026/?c=6ad780f9-8135-4f5f-a163-dd2a52dda530"
320,"Midland vs Pebble Hills El Paso",Football,"Texas",08/28/2026,07:00 PM,"The Pebble Hills El Paso varsity football team has an away non-conference game @ Midland (Texas) on Thursday, August 27 @ 7p.","/tx/football/game/midland-vs-pebble-hills-el-paso/8-28-2026/?c=2955b815-9e43-4806-9250-45b0fc0cbbde","https://www.maxpreps.com/tx/football/game/midland-vs-pebble-hills-el-paso/8-28-2026/?c=2955b815-9e43-4806-9250-45b0fc0cbbde"
321,"Greenwood Midland vs Jim Ned Tuscola",Football,"Texas",08/28/2026,07:00 PM,"The Jim Ned Tuscola varsity football team has an away non-conference game @ Greenwood Midland (Texas) on Thursday, August 27 @ 7p.","/tx/football/game/greenwood-midland-vs-jim-ned-tuscola/8-28-2026/?c=1457a29c-e36e-4ba3-a880-6aa4391c8460","https://www.maxpreps.com/tx/football/game/greenwood-midland-vs-jim-ned-tuscola/8-28-2026/?c=1457a29c-e36e-4ba3-a880-6aa4391c8460"
322,"Frenship Memorial Lubbock vs Liberty Lubbock",Football,"Texas",08/28/2026,07:00 PM,"The Liberty Lubbock varsity football team has an away non-conference game @ Frenship Memorial Lubbock (Texas) on Thursday, August 27 @ 7p.","/tx/football/game/frenship-memorial-lubbock-vs-liberty-lubbock/8-28-2026/?c=7aec6a4d-fa22-475d-9d2f-fbf6b376febe","https://www.maxpreps.com/tx/football/game/frenship-memorial-lubbock-vs-liberty-lubbock/8-28-2026/?c=7aec6a4d-fa22-475d-9d2f-fbf6b376febe"
323,"Austin El Paso vs El Paso",Football,"Texas",08/28/2026,07:00 PM,"The El Paso varsity football team has an away non-conference game @ Austin El Paso (Texas) on Thursday, August 27 @ 7p.","/tx/football/game/austin-el-paso-vs-el-paso/8-28-2026/?c=161f2fd3-fa07-453e-a6ba-ca63fee09368","https://www.maxpreps.com/tx/football/game/austin-el-paso-vs-el-paso/8-28-2026/?c=161f2fd3-fa07-453e-a6ba-ca63fee09368"
324,"Canadian vs Panhandle",Football,"Texas",08/28/2026,07:00 PM,"The Panhandle varsity football team has an away non-conference game @ Canadian (Texas) on Thursday, August 27 @ 7p.","/tx/football/game/canadian-vs-panhandle/8-28-2026/?c=d6212f90-c48f-4249-89b4-98de24909d95","https://www.maxpreps.com/tx/football/game/canadian-vs-panhandle/8-28-2026/?c=d6212f90-c48f-4249-89b4-98de24909d95"
325,"Brackett Brackettville vs Ozona",Football,"Texas",08/28/2026,07:00 PM,"The Ozona varsity football team has an away non-conference game @ Brackett Brackettville (Texas) on Thursday, August 27 @ 7p.","/tx/football/game/brackett-brackettville-vs-ozona/8-28-2026/?c=b24c2603-f736-41c1-90db-fdd0b3183bd4","https://www.maxpreps.com/tx/football/game/brackett-brackettville-vs-ozona/8-28-2026/?c=b24c2603-f736-41c1-90db-fdd0b3183bd4"
326,"Dawson Welch vs Olfen Rowena",Football,"Texas",08/28/2026,07:00 PM,"The Olfen Rowena varsity football team has an away non-conference game @ Dawson Welch (Texas) on Thursday, August 27 @ 7p.","/tx/football/game/dawson-welch-vs-olfen-rowena/8-28-2026/?c=aa20b548-cf18-4dfb-9b2c-e592de577c03","https://www.maxpreps.com/tx/football/game/dawson-welch-vs-olfen-rowena/8-28-2026/?c=aa20b548-cf18-4dfb-9b2c-e592de577c03"
327,"Lamar Arlington vs Little Elm",Football,"Texas",08/28/2026,07:00 PM,"The Little Elm varsity football team has an away non-conference game @ Lamar Arlington (Texas) on Thursday, August 27 @ 7p.","/tx/football/game/lamar-arlington-vs-little-elm/8-28-2026/?c=8896c14c-f703-4d82-97d2-2fc0a534a735","https://www.maxpreps.com/tx/football/game/lamar-arlington-vs-little-elm/8-28-2026/?c=8896c14c-f703-4d82-97d2-2fc0a534a735"
328,"Dimmitt vs Sundown",Football,"Texas",08/28/2026,07:00 PM,"The Sundown varsity football team has an away non-conference game @ Dimmitt (Texas) on Thursday, August 27 @ 7p.","/tx/football/game/dimmitt-vs-sundown/8-28-2026/?c=52cf9a3a-cbd1-4953-ad58-b38899ad751f","https://www.maxpreps.com/tx/football/game/dimmitt-vs-sundown/8-28-2026/?c=52cf9a3a-cbd1-4953-ad58-b38899ad751f"
329,"Bridgeport vs Gainesville",Football,"Texas",08/28/2026,07:00 PM,"The Gainesville varsity football team has an away non-conference game @ Bridgeport (Texas) on Thursday, August 27 @ 7p.","/tx/football/game/bridgeport-vs-gainesville/8-28-2026/?c=60d6fc31-c371-40b4-bfcc-69509a7cecc0","https://www.maxpreps.com/tx/football/game/bridgeport-vs-gainesville/8-28-2026/?c=60d6fc31-c371-40b4-bfcc-69509a7cecc0"
330,"Mansfield Summit Arlington vs Red Oak",Football,"Texas",08/28/2026,07:00 PM,"The Red Oak varsity football team has an away non-conference game @ Mansfield Summit Arlington (Texas) on Thursday, August 27 @ 7p.","/tx/football/game/mansfield-summit-arlington-vs-red-oak/8-28-2026/?c=8131915c-c9a6-492f-9dfc-f8e6400ff5fa","https://www.maxpreps.com/tx/football/game/mansfield-summit-arlington-vs-red-oak/8-28-2026/?c=8131915c-c9a6-492f-9dfc-f8e6400ff5fa"
331,"New Home vs Slaton",Football,"Texas",08/28/2026,07:00 PM,"The Slaton varsity football team has an away non-conference game @ New Home (Texas) on Thursday, August 27 @ 7p.","/tx/football/game/new-home-vs-slaton/8-28-2026/?c=cf637e54-daf7-4d09-a969-3fe9eba547bb","https://www.maxpreps.com/tx/football/game/new-home-vs-slaton/8-28-2026/?c=cf637e54-daf7-4d09-a969-3fe9eba547bb"
332,"Coronado Lubbock vs Monterey Lubbock",Football,"Texas",08/28/2026,07:00 PM,"The Monterey Lubbock varsity football team has an away non-conference game @ Coronado Lubbock (Texas) on Thursday, August 27 @ 7p.","/tx/football/game/coronado-lubbock-vs-monterey-lubbock/8-28-2026/?c=81c35723-f3d0-4366-a5b3-943180040b5f","https://www.maxpreps.com/tx/football/game/coronado-lubbock-vs-monterey-lubbock/8-28-2026/?c=81c35723-f3d0-4366-a5b3-943180040b5f"
333,"Burkburnett vs Western Hills Fort Worth",Football,"Texas",08/28/2026,07:00 PM,"The Western Hills Fort Worth varsity football team has an away non-conference game @ Burkburnett (Texas) on Thursday, August 27 @ 7p.","/tx/football/game/burkburnett-vs-western-hills-fort-worth/8-28-2026/?c=816d9ffc-e13c-4aa6-82e6-d8136576831f","https://www.maxpreps.com/tx/football/game/burkburnett-vs-western-hills-fort-worth/8-28-2026/?c=816d9ffc-e13c-4aa6-82e6-d8136576831f"
334,"Boys Ranch vs Kress",Football,"Texas",08/28/2026,07:00 PM,"The Kress varsity football team has an away non-conference game @ Boys Ranch (Texas) on Thursday, August 27 @ 7p.","/tx/football/game/boys-ranch-vs-kress/8-28-2026/?c=60966aae-cdda-4649-b45d-9de532a7ec2f","https://www.maxpreps.com/tx/football/game/boys-ranch-vs-kress/8-28-2026/?c=60966aae-cdda-4649-b45d-9de532a7ec2f"
335,"Brownfield vs Morton",Football,"Texas",08/28/2026,07:00 PM,"The Morton varsity football team has an away non-conference game @ Brownfield (Texas) on Thursday, August 27 @ 7p.","/tx/football/game/brownfield-vs-morton/8-28-2026/?c=dc9fddc8-cf76-4169-bad7-ea48e9d6ccbf","https://www.maxpreps.com/tx/football/game/brownfield-vs-morton/8-28-2026/?c=dc9fddc8-cf76-4169-bad7-ea48e9d6ccbf"
336,"Christoval vs Eldorado",Football,"Texas",08/28/2026,07:00 PM,"The Eldorado varsity football team has an away non-conference game @ Christoval (Texas) on Thursday, August 27 @ 7p.","/tx/football/game/christoval-vs-eldorado/8-28-2026/?c=609fee41-bfc9-4716-9e33-799981b6f0f3","https://www.maxpreps.com/tx/football/game/christoval-vs-eldorado/8-28-2026/?c=609fee41-bfc9-4716-9e33-799981b6f0f3"
337,"Haskell vs Stamford",Football,"Texas",08/28/2026,07:00 PM,"The Stamford varsity football team has an away non-conference game @ Haskell (Texas) on Thursday, August 27 @ 7p.","/tx/football/game/haskell-vs-stamford/8-28-2026/?c=d93a0f71-3d7d-46a4-8a93-9e0d724946a1","https://www.maxpreps.com/tx/football/game/haskell-vs-stamford/8-28-2026/?c=d93a0f71-3d7d-46a4-8a93-9e0d724946a1"
338,"Mclean vs West Texas Tornadoes Slaton",Football,"Texas",08/28/2026,07:00 PM,"The West Texas Tornadoes Slaton varsity football team has an away non-conference game @ Mclean (Texas) on Thursday, August 27 @ 7p.","/tx/football/game/mclean-vs-west-texas-tornadoes-slaton/8-28-2026/?c=5c64d3db-a60f-48b0-95bf-49ae1fcd2901","https://www.maxpreps.com/tx/football/game/mclean-vs-west-texas-tornadoes-slaton/8-28-2026/?c=5c64d3db-a60f-48b0-95bf-49ae1fcd2901"
339,"River Road Amarillo vs Sanford Fritch",Football,"Texas",08/28/2026,07:00 PM,"The Sanford Fritch varsity football team has an away non-conference game @ River Road Amarillo (Texas) on Thursday, August 27 @ 7p.","/tx/football/game/river-road-amarillo-vs-sanford-fritch/8-28-2026/?c=1a65a9ac-149d-4e16-87ee-85d4cbd1e5e4","https://www.maxpreps.com/tx/football/game/river-road-amarillo-vs-sanford-fritch/8-28-2026/?c=1a65a9ac-149d-4e16-87ee-85d4cbd1e5e4"
340,"Olney vs Quanah",Football,"Texas",08/28/2026,07:00 PM,"The Quanah varsity football team has an away non-conference game @ Olney (Texas) on Thursday, August 27 @ 7p.","/tx/football/game/olney-vs-quanah/8-28-2026/?c=9a795eed-67c3-42d0-8fd8-63edd58e95ce","https://www.maxpreps.com/tx/football/game/olney-vs-quanah/8-28-2026/?c=9a795eed-67c3-42d0-8fd8-63edd58e95ce"
341,"Caprock Amarillo vs Pampa",Football,"Texas",08/28/2026,07:00 PM,"The Pampa varsity football team has an away non-conference game @ Caprock Amarillo (Texas) on Thursday, August 27 @ 7p.","/tx/football/game/caprock-amarillo-vs-pampa/8-28-2026/?c=1e4754a5-750a-47f2-9709-5bb04047505b","https://www.maxpreps.com/tx/football/game/caprock-amarillo-vs-pampa/8-28-2026/?c=1e4754a5-750a-47f2-9709-5bb04047505b"
342,"Lake Ridge Mansfield vs Walnut Grove Prosper",Football,"Texas",08/28/2026,07:00 PM,"The Walnut Grove Prosper varsity football team has an away non-conference game @ Lake Ridge Mansfield (Texas) on Thursday, August 27 @ 7p.","/tx/football/game/lake-ridge-mansfield-vs-walnut-grove-prosper/8-28-2026/?c=5be78a79-c709-48b9-a6b3-ebe78d8dbc02","https://www.maxpreps.com/tx/football/game/lake-ridge-mansfield-vs-walnut-grove-prosper/8-28-2026/?c=5be78a79-c709-48b9-a6b3-ebe78d8dbc02"
343,"Bushland vs Seminole",Football,"Texas",08/28/2026,07:00 PM,"The Seminole varsity football team has an away non-conference game @ Bushland (Texas) on Thursday, August 27 @ 7p.","/tx/football/game/bushland-vs-seminole/8-28-2026/?c=909f0db0-7953-450a-8d07-6f406f1eb120","https://www.maxpreps.com/tx/football/game/bushland-vs-seminole/8-28-2026/?c=909f0db0-7953-450a-8d07-6f406f1eb120"
344,"Ira vs Roby",Football,"Texas",08/28/2026,07:00 PM,"The Roby varsity football team has an away non-conference game @ Ira (Texas) on Thursday, August 27 @ 7p.","/tx/football/game/ira-vs-roby/8-28-2026/?c=d6d37955-ba45-4fde-8e22-8550c7509aea","https://www.maxpreps.com/tx/football/game/ira-vs-roby/8-28-2026/?c=d6d37955-ba45-4fde-8e22-8550c7509aea"
345,"Midlothian Heritage vs Stephenville",Football,"Texas",08/28/2026,07:00 PM,"The Stephenville varsity football team has an away non-conference game @ Midlothian Heritage (Texas) on Thursday, August 27 @ 7p.","/tx/football/game/midlothian-heritage-vs-stephenville/8-28-2026/?c=bb2c1352-c497-4194-88a3-c047474e3b7c","https://www.maxpreps.com/tx/football/game/midlothian-heritage-vs-stephenville/8-28-2026/?c=bb2c1352-c497-4194-88a3-c047474e3b7c"
346,"Anthony vs San Elizario",Football,"Texas",08/28/2026,07:00 PM,"The San Elizario varsity football team has an away non-conference game @ Anthony (Texas) on Thursday, August 27 @ 7p.","/tx/football/game/anthony-vs-san-elizario/8-28-2026/?c=c37951a8-ba18-4a1f-85e8-74e8fc2c9c85","https://www.maxpreps.com/tx/football/game/anthony-vs-san-elizario/8-28-2026/?c=c37951a8-ba18-4a1f-85e8-74e8fc2c9c85"
347,"Lockney vs Smyer",Football,"Texas",08/28/2026,07:00 PM,"The Smyer varsity football team has an away non-conference game @ Lockney (Texas) on Thursday, August 27 @ 7p.","/tx/football/game/lockney-vs-smyer/8-28-2026/?c=ebc4cc7c-e396-4586-b627-e315f5182bae","https://www.maxpreps.com/tx/football/game/lockney-vs-smyer/8-28-2026/?c=ebc4cc7c-e396-4586-b627-e315f5182bae"
348,"Burleson vs Keller",Football,"Texas",08/28/2026,07:00 PM,"The Keller varsity football team has an away non-conference game @ Burleson (Texas) on Thursday, August 27 @ 7p.","/tx/football/game/burleson-vs-keller/8-28-2026/?c=bd61cfc5-6e5f-429e-890e-7f5e78e8642c","https://www.maxpreps.com/tx/football/game/burleson-vs-keller/8-28-2026/?c=bd61cfc5-6e5f-429e-890e-7f5e78e8642c"
349,"South Hills Fort Worth vs Venus",Football,"Texas",08/28/2026,07:00 PM,"The Venus varsity football team has an away non-conference game @ South Hills Fort Worth (Texas) on Thursday, August 27 @ 7p.","/tx/football/game/south-hills-fort-worth-vs-venus/8-28-2026/?c=94e16635-96a8-485e-883c-ea05d1678e4e","https://www.maxpreps.com/tx/football/game/south-hills-fort-worth-vs-venus/8-28-2026/?c=94e16635-96a8-485e-883c-ea05d1678e4e"
350,"Compass Academy Odessa vs Crane",Football,"Texas",08/28/2026,07:00 PM,"The Crane varsity football team has an away non-conference game @ Compass Academy Odessa (Texas) on Thursday, August 27 @ 7p.","/tx/football/game/compass-academy-odessa-vs-crane/8-28-2026/?c=9234f71f-e22a-40b8-996f-e27d44fb4b2f","https://www.maxpreps.com/tx/football/game/compass-academy-odessa-vs-crane/8-28-2026/?c=9234f71f-e22a-40b8-996f-e27d44fb4b2f"
351,"Alpine vs Mccamey",Football,"Texas",08/28/2026,07:00 PM,"The Mccamey varsity football team has an away non-conference game @ Alpine (Texas) on Thursday, August 27 @ 7p.","/tx/football/game/alpine-vs-mccamey/8-28-2026/?c=553767d6-ada1-421f-bcab-f601dbecf3bc","https://www.maxpreps.com/tx/football/game/alpine-vs-mccamey/8-28-2026/?c=553767d6-ada1-421f-bcab-f601dbecf3bc"
352,"Somerset Academy Brooks San Antonio vs Town East Christian San Antonio",Football,"Texas",08/28/2026,07:00 PM,"The Town East Christian San Antonio varsity football team has an away non-conference game @ Somerset Academy Brooks San Antonio (Texas) on Thursday, August 27 @ 7p.","/tx/football/game/somerset-academy-brooks-san-antonio-vs-town-east-christian-san-antonio/8-28-2026/?c=54b14eb6-0b23-4187-88a3-3a98802c75df","https://www.maxpreps.com/tx/football/game/somerset-academy-brooks-san-antonio-vs-town-east-christian-san-antonio/8-28-2026/?c=54b14eb6-0b23-4187-88a3-3a98802c75df"
353,"Brazos Wallis vs Caldwell",Football,"Texas",08/28/2026,07:00 PM,"The Caldwell varsity football team has an away non-conference game @ Brazos Wallis (Texas) on Thursday, August 27 @ 7p.","/tx/football/game/brazos-wallis-vs-caldwell/8-28-2026/?c=e2bc75ae-de1e-4d76-aa3e-160c806d3ac6","https://www.maxpreps.com/tx/football/game/brazos-wallis-vs-caldwell/8-28-2026/?c=e2bc75ae-de1e-4d76-aa3e-160c806d3ac6"
354,"Hamshire Fannett vs La Marque",Football,"Texas",08/28/2026,07:00 PM,"The La Marque varsity football team has an away non-conference game @ Hamshire Fannett (Texas) on Thursday, August 27 @ 7p.","/tx/football/game/hamshire-fannett-vs-la-marque/8-28-2026/?c=d529cfa5-ee5d-40b6-8009-cf2465910c22","https://www.maxpreps.com/tx/football/game/hamshire-fannett-vs-la-marque/8-28-2026/?c=d529cfa5-ee5d-40b6-8009-cf2465910c22"
355,"Longview vs Lufkin",Football,"Texas",08/28/2026,07:00 PM,"The Lufkin varsity football team has an away non-conference game @ Longview (Texas) on Thursday, August 27 @ 7p.","/tx/football/game/longview-vs-lufkin/8-28-2026/?c=2e57465a-877b-450f-a83e-312e37d55dd6","https://www.maxpreps.com/tx/football/game/longview-vs-lufkin/8-28-2026/?c=2e57465a-877b-450f-a83e-312e37d55dd6"
356,"Pewitt Omaha vs Redwater",Football,"Texas",08/28/2026,07:00 PM,"The Redwater varsity football team has an away non-conference game @ Pewitt Omaha (Texas) on Thursday, August 27 @ 7p.","/tx/football/game/pewitt-omaha-vs-redwater/8-28-2026/?c=c768b1d8-f3eb-4dae-a5c6-7946c9707141","https://www.maxpreps.com/tx/football/game/pewitt-omaha-vs-redwater/8-28-2026/?c=c768b1d8-f3eb-4dae-a5c6-7946c9707141"
357,"Prairie Lea Tx vs Varsity Opponent Intl",Football,"Texas",08/28/2026,07:00 PM,"The Varsity Opponent Intl varsity football team has an away non-conference game @ Prairie Lea Tx (Texas) on Thursday, August 27 @ 7p.","/tx/football/game/prairie-lea-tx-vs-varsity-opponent-intl/8-28-2026/?c=5bd04db5-9a88-421e-9184-a7989b4a4086","https://www.maxpreps.com/tx/football/game/prairie-lea-tx-vs-varsity-opponent-intl/8-28-2026/?c=5bd04db5-9a88-421e-9184-a7989b4a4086"
358,"Tatum vs West Rusk New London",Football,"Texas",08/28/2026,07:00 PM,"The West Rusk New London varsity football team has an away non-conference game @ Tatum (Texas) on Thursday, August 27 @ 7p.","/tx/football/game/tatum-vs-west-rusk-new-london/8-28-2026/?c=04f4b346-a0ef-48b6-935c-14b81d3fb614","https://www.maxpreps.com/tx/football/game/tatum-vs-west-rusk-new-london/8-28-2026/?c=04f4b346-a0ef-48b6-935c-14b81d3fb614"
359,"Lovejoy Lucas vs Reedy Frisco",Football,"Texas",08/28/2026,07:00 PM,"The Reedy Frisco varsity football team has an away non-conference game @ Lovejoy Lucas (Texas) on Thursday, August 27 @ 7p.","/tx/football/game/lovejoy-lucas-vs-reedy-frisco/8-28-2026/?c=fe360039-6153-473c-8d8e-dcdebc788dc6","https://www.maxpreps.com/tx/football/game/lovejoy-lucas-vs-reedy-frisco/8-28-2026/?c=fe360039-6153-473c-8d8e-dcdebc788dc6"
360,"Azle Christian vs Stephenville Faith",Football,"Texas",08/28/2026,07:00 PM,"The Stephenville Faith varsity football team has an away non-conference game @ Azle Christian (Texas) on Thursday, August 27 @ 7p.","/tx/football/game/azle-christian-vs-stephenville-faith/8-28-2026/?c=0f59a782-b353-4ac0-a2c0-1cc60f01e217","https://www.maxpreps.com/tx/football/game/azle-christian-vs-stephenville-faith/8-28-2026/?c=0f59a782-b353-4ac0-a2c0-1cc60f01e217"
361,"Lago Vista vs Lorena",Football,"Texas",08/28/2026,07:00 PM,"The Lorena varsity football team has an away non-conference game @ Lago Vista (Texas) on Thursday, August 27 @ 7p.","/tx/football/game/lago-vista-vs-lorena/8-28-2026/?c=ca2df765-112c-4d16-83bf-82f597e6fd59","https://www.maxpreps.com/tx/football/game/lago-vista-vs-lorena/8-28-2026/?c=ca2df765-112c-4d16-83bf-82f597e6fd59"
362,"Crawford vs Mcgregor",Football,"Texas",08/28/2026,07:00 PM,"The Mcgregor varsity football team has an away non-conference game @ Crawford (Texas) on Thursday, August 27 @ 7p.","/tx/football/game/crawford-vs-mcgregor/8-28-2026/?c=c85dd831-43d6-44f1-83a7-b3c18b31b021","https://www.maxpreps.com/tx/football/game/crawford-vs-mcgregor/8-28-2026/?c=c85dd831-43d6-44f1-83a7-b3c18b31b021"
363,"Economedes Edinburg vs Mcallen",Football,"Texas",08/28/2026,07:00 PM,"The Mcallen varsity football team has an away non-conference game @ Economedes Edinburg (Texas) on Thursday, August 27 @ 7p.","/tx/football/game/economedes-edinburg-vs-mcallen/8-28-2026/?c=67ad72a9-a08f-49f8-b5fc-bfab8728cc80","https://www.maxpreps.com/tx/football/game/economedes-edinburg-vs-mcallen/8-28-2026/?c=67ad72a9-a08f-49f8-b5fc-bfab8728cc80"
364,"Coldspring Oakhurst vs Liberty",Football,"Texas",08/28/2026,07:00 PM,"The Liberty varsity football team has an away non-conference game @ Coldspring Oakhurst (Texas) on Thursday, August 27 @ 7p.","/tx/football/game/coldspring-oakhurst-vs-liberty/8-28-2026/?c=6e672352-5cf6-4d99-876c-d75ca9659408","https://www.maxpreps.com/tx/football/game/coldspring-oakhurst-vs-liberty/8-28-2026/?c=6e672352-5cf6-4d99-876c-d75ca9659408"
365,"Santa Anna vs Veribest",Football,"Texas",08/28/2026,07:00 PM,"The Veribest varsity football team has an away non-conference game @ Santa Anna (Texas) on Thursday, August 27 @ 7p.","/tx/football/game/santa-anna-vs-veribest/8-28-2026/?c=17dd23fd-f0ec-4231-8c90-f3a317b50298","https://www.maxpreps.com/tx/football/game/santa-anna-vs-veribest/8-28-2026/?c=17dd23fd-f0ec-4231-8c90-f3a317b50298"
366,"Normangee vs Somerville",Football,"Texas",08/28/2026,07:00 PM,"The Somerville varsity football team has an away non-conference game @ Normangee (Texas) on Thursday, August 27 @ 7p.","/tx/football/game/normangee-vs-somerville/8-28-2026/?c=1baddc4e-bd11-445f-927b-9180c73c4fbb","https://www.maxpreps.com/tx/football/game/normangee-vs-somerville/8-28-2026/?c=1baddc4e-bd11-445f-927b-9180c73c4fbb"
367,"Brazos Valley Bryan vs Faith Academy Bellville",Football,"Texas",08/28/2026,07:00 PM,"The Faith Academy Bellville varsity football team has an away non-conference game @ Brazos Valley Bryan (Texas) on Thursday, August 27 @ 7p.","/tx/football/game/brazos-valley-bryan-vs-faith-academy-bellville/8-28-2026/?c=7f03df16-e968-444e-9dba-daec33d43418","https://www.maxpreps.com/tx/football/game/brazos-valley-bryan-vs-faith-academy-bellville/8-28-2026/?c=7f03df16-e968-444e-9dba-daec33d43418"
368,"Centerville vs Groesbeck",Football,"Texas",08/28/2026,07:00 PM,"The Groesbeck varsity football team has an away non-conference game @ Centerville (Texas) on Thursday, August 27 @ 7p.","/tx/football/game/centerville-vs-groesbeck/8-28-2026/?c=7507e134-32c4-425e-bb95-150ba14d3190","https://www.maxpreps.com/tx/football/game/centerville-vs-groesbeck/8-28-2026/?c=7507e134-32c4-425e-bb95-150ba14d3190"
369,"Sabine Gladewater vs Shelbyville",Football,"Texas",08/28/2026,07:00 PM,"The Shelbyville varsity football team has an away non-conference game @ Sabine Gladewater (Texas) on Thursday, August 27 @ 7p.","/tx/football/game/sabine-gladewater-vs-shelbyville/8-28-2026/?c=3aa09eac-496b-4010-b01c-12e1eeada1e5","https://www.maxpreps.com/tx/football/game/sabine-gladewater-vs-shelbyville/8-28-2026/?c=3aa09eac-496b-4010-b01c-12e1eeada1e5"
370,"Queen City vs Union Grove Gladewater",Football,"Texas",08/28/2026,07:00 PM,"The Union Grove Gladewater varsity football team has an away non-conference game @ Queen City (Texas) on Thursday, August 27 @ 7p.","/tx/football/game/queen-city-vs-union-grove-gladewater/8-28-2026/?c=78a495ba-255d-4c83-87a3-4afd33dcda07","https://www.maxpreps.com/tx/football/game/queen-city-vs-union-grove-gladewater/8-28-2026/?c=78a495ba-255d-4c83-87a3-4afd33dcda07"
371,"Eastside Early College Austin vs Taylor",Football,"Texas",08/28/2026,07:00 PM,"The Taylor varsity football team has an away non-conference game @ Eastside Early College Austin (Texas) on Thursday, August 27 @ 7p.","/tx/football/game/eastside-early-college-austin-vs-taylor/8-28-2026/?c=b7742d92-8c48-4ed6-8f85-a91a4175c04e","https://www.maxpreps.com/tx/football/game/eastside-early-college-austin-vs-taylor/8-28-2026/?c=b7742d92-8c48-4ed6-8f85-a91a4175c04e"
372,"Dallas Christian Mesquite vs Fort Worth Christian North Richland Hills",Football,"Texas",08/28/2026,07:00 PM,"The Fort Worth Christian North Richland Hills varsity football team has an away non-conference game @ Dallas Christian Mesquite (Texas) on Thursday, August 27 @ 7p.","/tx/football/game/dallas-christian-mesquite-vs-fort-worth-christian-north-richland-hills/8-28-2026/?c=0e8e2e3d-4570-4fb3-8532-d1591c511189","https://www.maxpreps.com/tx/football/game/dallas-christian-mesquite-vs-fort-worth-christian-north-richland-hills/8-28-2026/?c=0e8e2e3d-4570-4fb3-8532-d1591c511189"
373,"Fairfield vs Maypearl",Football,"Texas",08/28/2026,07:00 PM,"The Maypearl varsity football team has an away non-conference game @ Fairfield (Texas) on Thursday, August 27 @ 7p.","/tx/football/game/fairfield-vs-maypearl/8-28-2026/?c=42c6ef11-6f47-4bf2-81d8-f8b84fd8369c","https://www.maxpreps.com/tx/football/game/fairfield-vs-maypearl/8-28-2026/?c=42c6ef11-6f47-4bf2-81d8-f8b84fd8369c"
374,"Buffalo vs Iola",Football,"Texas",08/28/2026,07:00 PM,"The Iola varsity football team has an away non-conference game @ Buffalo (Texas) on Thursday, August 27 @ 7p.","/tx/football/game/buffalo-vs-iola/8-28-2026/?c=2a69fb9c-e731-4687-ae21-5c46ff154864","https://www.maxpreps.com/tx/football/game/buffalo-vs-iola/8-28-2026/?c=2a69fb9c-e731-4687-ae21-5c46ff154864"
375,"East Bernard vs Sweeny",Football,"Texas",08/28/2026,07:00 PM,"The Sweeny varsity football team has an away non-conference game @ East Bernard (Texas) on Thursday, August 27 @ 7p.","/tx/football/game/east-bernard-vs-sweeny/8-28-2026/?c=de907250-5137-41c6-bfb4-ba5d40397cd8","https://www.maxpreps.com/tx/football/game/east-bernard-vs-sweeny/8-28-2026/?c=de907250-5137-41c6-bfb4-ba5d40397cd8"
376,"Summit Christian Academy Cedar Park vs Waco Christian",Football,"Texas",08/28/2026,07:00 PM,"The Waco Christian varsity football team has an away non-conference game @ Summit Christian Academy Cedar Park (Texas) on Thursday, August 27 @ 7p.","/tx/football/game/summit-christian-academy-cedar-park-vs-waco-christian/8-28-2026/?c=fd470cb6-eb44-4a50-a274-edc7eb514385","https://www.maxpreps.com/tx/football/game/summit-christian-academy-cedar-park-vs-waco-christian/8-28-2026/?c=fd470cb6-eb44-4a50-a274-edc7eb514385"
377,"Churchill San Antonio vs Medina Valley Castroville",Football,"Texas",08/28/2026,07:00 PM,"The Medina Valley Castroville varsity football team has an away non-conference game @ Churchill San Antonio (Texas) on Thursday, August 27 @ 7p.","/tx/football/game/churchill-san-antonio-vs-medina-valley-castroville/8-28-2026/?c=d1a660c5-981b-4063-938a-9c20eeffb7c4","https://www.maxpreps.com/tx/football/game/churchill-san-antonio-vs-medina-valley-castroville/8-28-2026/?c=d1a660c5-981b-4063-938a-9c20eeffb7c4"
378,"Pharr San Juan Alamo Memorial vs Pharr San Juan Alamo Southwest",Football,"Texas",08/28/2026,07:00 PM,"The Pharr San Juan Alamo Southwest varsity football team has an away non-conference game @ Pharr San Juan Alamo Memorial (Texas) on Thursday, August 27 @ 7p.","/tx/football/game/pharr-san-juan-alamo-memorial-vs-pharr-san-juan-alamo-southwest/8-28-2026/?c=5f2bc605-52db-4931-88fe-67959d37a64e","https://www.maxpreps.com/tx/football/game/pharr-san-juan-alamo-memorial-vs-pharr-san-juan-alamo-southwest/8-28-2026/?c=5f2bc605-52db-4931-88fe-67959d37a64e"
379,"Hooks vs Mineola",Football,"Texas",08/28/2026,07:00 PM,"The Mineola varsity football team has an away non-conference game @ Hooks (Texas) on Thursday, August 27 @ 7p.","/tx/football/game/hooks-vs-mineola/8-28-2026/?c=fdcfd7f3-97d1-4596-b320-244919e9cf7b","https://www.maxpreps.com/tx/football/game/hooks-vs-mineola/8-28-2026/?c=fdcfd7f3-97d1-4596-b320-244919e9cf7b"
380,"Southwest Christian School Fort Worth vs Trinity Valley Fort Worth",Football,"Texas",08/28/2026,07:00 PM,"The Trinity Valley Fort Worth varsity football team has an away non-conference game @ Southwest Christian School Fort Worth (Texas) on Thursday, August 27 @ 7p.","/tx/football/game/southwest-christian-school-fort-worth-vs-trinity-valley-fort-worth/8-28-2026/?c=5526ee5e-9b7b-4b9e-bbb3-9f72300fd142","https://www.maxpreps.com/tx/football/game/southwest-christian-school-fort-worth-vs-trinity-valley-fort-worth/8-28-2026/?c=5526ee5e-9b7b-4b9e-bbb3-9f72300fd142"
381,"Cedar Creek vs Travis Austin",Football,"Texas",08/28/2026,07:00 PM,"The Travis Austin varsity football team has an away non-conference game @ Cedar Creek (Texas) on Thursday, August 27 @ 7p.","/tx/football/game/cedar-creek-vs-travis-austin/8-28-2026/?c=69d2ef33-b92c-4119-a8d8-375131e4ab5b","https://www.maxpreps.com/tx/football/game/cedar-creek-vs-travis-austin/8-28-2026/?c=69d2ef33-b92c-4119-a8d8-375131e4ab5b"
382,"Chaparral Killeen vs University Waco",Football,"Texas",08/28/2026,07:00 PM,"The University Waco varsity football team has an away non-conference game @ Chaparral Killeen (Texas) on Thursday, August 27 @ 7p.","/tx/football/game/chaparral-killeen-vs-university-waco/8-28-2026/?c=5e2ba6df-bb08-49af-84bc-ea859b141354","https://www.maxpreps.com/tx/football/game/chaparral-killeen-vs-university-waco/8-28-2026/?c=5e2ba6df-bb08-49af-84bc-ea859b141354"
383,"Kilgore vs Pleasant Grove Texarkana",Football,"Texas",08/28/2026,07:00 PM,"The Pleasant Grove Texarkana varsity football team has an away non-conference game @ Kilgore (Texas) on Thursday, August 27 @ 7p.","/tx/football/game/kilgore-vs-pleasant-grove-texarkana/8-28-2026/?c=20e68c38-d8c7-43e0-8c4e-f15797b5d361","https://www.maxpreps.com/tx/football/game/kilgore-vs-pleasant-grove-texarkana/8-28-2026/?c=20e68c38-d8c7-43e0-8c4e-f15797b5d361"
384,"Beckville vs Joaquin",Football,"Texas",08/28/2026,07:00 PM,"The Joaquin varsity football team has an away non-conference game @ Beckville (Texas) on Thursday, August 27 @ 7p.","/tx/football/game/beckville-vs-joaquin/8-28-2026/?c=c6d80be4-d8aa-4ed3-aa69-f85908b6c418","https://www.maxpreps.com/tx/football/game/beckville-vs-joaquin/8-28-2026/?c=c6d80be4-d8aa-4ed3-aa69-f85908b6c418"
385,"Harker Heights vs Hutto",Football,"Texas",08/28/2026,07:00 PM,"The Hutto varsity football team has an away non-conference game @ Harker Heights (Texas) on Thursday, August 27 @ 7p.","/tx/football/game/harker-heights-vs-hutto/8-28-2026/?c=94a570ae-7cfc-4746-afb1-a155e5a12127","https://www.maxpreps.com/tx/football/game/harker-heights-vs-hutto/8-28-2026/?c=94a570ae-7cfc-4746-afb1-a155e5a12127"
386,"Mcdade vs St Marys Taylor",Football,"Texas",08/28/2026,07:00 PM,"The St Marys Taylor varsity football team has an away non-conference game @ Mcdade (Texas) on Thursday, August 27 @ 7p.","/tx/football/game/mcdade-vs-st-marys-taylor/8-28-2026/?c=8b8577b7-31da-48ea-8e50-16f75cea494d","https://www.maxpreps.com/tx/football/game/mcdade-vs-st-marys-taylor/8-28-2026/?c=8b8577b7-31da-48ea-8e50-16f75cea494d"
387,"Evant vs Gustine",Football,"Texas",08/28/2026,07:00 PM,"The Gustine varsity football team has an away non-conference game @ Evant (Texas) on Thursday, August 27 @ 7p.","/tx/football/game/evant-vs-gustine/8-28-2026/?c=2490777d-6b3a-4b09-8cc4-40d85400872c","https://www.maxpreps.com/tx/football/game/evant-vs-gustine/8-28-2026/?c=2490777d-6b3a-4b09-8cc4-40d85400872c"
388,"Claude vs Motley County Matador",Football,"Texas",08/28/2026,07:00 PM,"The Motley County Matador varsity football team has an away non-conference game @ Claude (Texas) on Thursday, August 27 @ 7p.","/tx/football/game/claude-vs-motley-county-matador/8-28-2026/?c=c5c00075-7fd5-44a5-8440-4ce13213b669","https://www.maxpreps.com/tx/football/game/claude-vs-motley-county-matador/8-28-2026/?c=c5c00075-7fd5-44a5-8440-4ce13213b669"
389,"Bowie Bulldawgs Austin vs Mcneil Austin",Football,"Texas",08/28/2026,07:00 PM,"The Mcneil Austin varsity football team has an away non-conference game @ Bowie Bulldawgs Austin (Texas) on Thursday, August 27 @ 7p.","/tx/football/game/bowie-bulldawgs-austin-vs-mcneil-austin/8-28-2026/?c=5fad276b-ed5e-4ad2-8716-e7bc85501299","https://www.maxpreps.com/tx/football/game/bowie-bulldawgs-austin-vs-mcneil-austin/8-28-2026/?c=5fad276b-ed5e-4ad2-8716-e7bc85501299"
390,"Aspermont vs Blackwell",Football,"Texas",08/28/2026,07:00 PM,"The Blackwell varsity football team has an away non-conference game @ Aspermont (Texas) on Thursday, August 27 @ 7p.","/tx/football/game/aspermont-vs-blackwell/8-28-2026/?c=a701b89c-d0be-498f-b097-994a16cf476a","https://www.maxpreps.com/tx/football/game/aspermont-vs-blackwell/8-28-2026/?c=a701b89c-d0be-498f-b097-994a16cf476a"
391,"Amherst vs Wellman Union",Football,"Texas",08/28/2026,07:00 PM,"The Wellman Union varsity football team has an away non-conference game @ Amherst (Texas) on Thursday, August 27 @ 7p.","/tx/football/game/amherst-vs-wellman-union/8-28-2026/?c=46a0d6ac-dffb-4ceb-a6c6-653fa9440efd","https://www.maxpreps.com/tx/football/game/amherst-vs-wellman-union/8-28-2026/?c=46a0d6ac-dffb-4ceb-a6c6-653fa9440efd"
392,"Honey Grove vs Prairiland Pattonville",Football,"Texas",08/28/2026,07:00 PM,"The Prairiland Pattonville varsity football team has an away non-conference game @ Honey Grove (Texas) on Thursday, August 27 @ 7p.","/tx/football/game/honey-grove-vs-prairiland-pattonville/8-28-2026/?c=97cdea58-2551-4638-9a3c-14870b0303f8","https://www.maxpreps.com/tx/football/game/honey-grove-vs-prairiland-pattonville/8-28-2026/?c=97cdea58-2551-4638-9a3c-14870b0303f8"
393,"Cooper vs Grand Saline",Football,"Texas",08/28/2026,07:00 PM,"The Grand Saline varsity football team has an away non-conference game @ Cooper (Texas) on Thursday, August 27 @ 7p.","/tx/football/game/cooper-vs-grand-saline/8-28-2026/?c=f2a50672-71b2-42ba-b4b2-295bed3f0c99","https://www.maxpreps.com/tx/football/game/cooper-vs-grand-saline/8-28-2026/?c=f2a50672-71b2-42ba-b4b2-295bed3f0c99"
394,"Anton vs Southland",Football,"Texas",08/28/2026,07:00 PM,"The Southland varsity football team has an away non-conference game @ Anton (Texas) on Thursday, August 27 @ 7p.","/tx/football/game/anton-vs-southland/8-28-2026/?c=be323827-2ded-4f44-8498-ee7043169360","https://www.maxpreps.com/tx/football/game/anton-vs-southland/8-28-2026/?c=be323827-2ded-4f44-8498-ee7043169360"
395,"Bowie vs Callisburg Gainesville",Football,"Texas",08/28/2026,07:00 PM,"The Callisburg Gainesville varsity football team has an away non-conference game @ Bowie (Texas) on Thursday, August 27 @ 7p.","/tx/football/game/bowie-vs-callisburg-gainesville/8-28-2026/?c=9088fbc4-606a-4d66-bca6-61696f5daefd","https://www.maxpreps.com/tx/football/game/bowie-vs-callisburg-gainesville/8-28-2026/?c=9088fbc4-606a-4d66-bca6-61696f5daefd"
396,"Da Vinci El Paso vs Marfa",Football,"Texas",08/28/2026,07:00 PM,"The Marfa varsity football team has an away non-conference game @ Da Vinci El Paso (Texas) on Thursday, August 27 @ 7p.","/tx/football/game/da-vinci-el-paso-vs-marfa/8-28-2026/?c=635132d0-107b-4d20-99cc-ae41595bfe1e","https://www.maxpreps.com/tx/football/game/da-vinci-el-paso-vs-marfa/8-28-2026/?c=635132d0-107b-4d20-99cc-ae41595bfe1e"
397,"Frankston vs Winona",Football,"Texas",08/28/2026,07:00 PM,"The Winona varsity football team has an away non-conference game @ Frankston (Texas) on Thursday, August 27 @ 7p.","/tx/football/game/frankston-vs-winona/8-28-2026/?c=edcde82b-9dff-4afd-a26b-a39349d857b2","https://www.maxpreps.com/tx/football/game/frankston-vs-winona/8-28-2026/?c=edcde82b-9dff-4afd-a26b-a39349d857b2"
398,"Diboll vs Troup",Football,"Texas",08/28/2026,07:00 PM,"The Troup varsity football team has an away non-conference game @ Diboll (Texas) on Thursday, August 27 @ 7p.","/tx/football/game/diboll-vs-troup/8-28-2026/?c=12a6a34f-4746-4153-bf8a-71cdee1febcf","https://www.maxpreps.com/tx/football/game/diboll-vs-troup/8-28-2026/?c=12a6a34f-4746-4153-bf8a-71cdee1febcf"
399,"Blum vs Mount Calm",Football,"Texas",08/28/2026,07:00 PM,"The Mount Calm varsity football team has an away non-conference game @ Blum (Texas) on Thursday, August 27 @ 7p.","/tx/football/game/blum-vs-mount-calm/8-28-2026/?c=72174eec-4c66-4e8f-a892-cc602c83411d","https://www.maxpreps.com/tx/football/game/blum-vs-mount-calm/8-28-2026/?c=72174eec-4c66-4e8f-a892-cc602c83411d"
400,"Anderson Shiro vs Lovelady",Football,"Texas",08/28/2026,07:00 PM,"The Lovelady varsity football team has an away non-conference game @ Anderson Shiro (Texas) on Thursday, August 27 @ 7p.","/tx/football/game/anderson-shiro-vs-lovelady/8-28-2026/?c=36715027-b22a-42d7-b389-76275af93dc4","https://www.maxpreps.com/tx/football/game/anderson-shiro-vs-lovelady/8-28-2026/?c=36715027-b22a-42d7-b389-76275af93dc4"
401,"Del Valle El Paso vs Eastlake El Paso",Football,"Texas",08/28/2026,07:00 PM,"The Eastlake El Paso varsity football team has an away non-conference game @ Del Valle El Paso (Texas) on Thursday, August 27 @ 7p.","/tx/football/game/del-valle-el-paso-vs-eastlake-el-paso/8-28-2026/?c=ded8080e-020c-4036-a644-916d038ec638","https://www.maxpreps.com/tx/football/game/del-valle-el-paso-vs-eastlake-el-paso/8-28-2026/?c=ded8080e-020c-4036-a644-916d038ec638"
402,"Commerce vs Lone Oak",Football,"Texas",08/28/2026,07:00 PM,"The Lone Oak varsity football team has an away non-conference game @ Commerce (Texas) on Thursday, August 27 @ 7p.","/tx/football/game/commerce-vs-lone-oak/8-28-2026/?c=991e3182-cd29-4ab3-ac46-70f7dae4b568","https://www.maxpreps.com/tx/football/game/commerce-vs-lone-oak/8-28-2026/?c=991e3182-cd29-4ab3-ac46-70f7dae4b568"
403,"Hart vs Lazbuddie",Football,"Texas",08/28/2026,07:00 PM,"The Lazbuddie varsity football team has an away non-conference game @ Hart (Texas) on Thursday, August 27 @ 7p.","/tx/football/game/hart-vs-lazbuddie/8-28-2026/?c=3c7b51ee-2919-4857-b95c-36aa0f596204","https://www.maxpreps.com/tx/football/game/hart-vs-lazbuddie/8-28-2026/?c=3c7b51ee-2919-4857-b95c-36aa0f596204"
404,"Early vs Merkel",Football,"Texas",08/28/2026,07:00 PM,"The Merkel varsity football team has an away non-conference game @ Early (Texas) on Thursday, August 27 @ 7p.","/tx/football/game/early-vs-merkel/8-28-2026/?c=8fc18274-69d0-47bb-8d2a-685d9f627388","https://www.maxpreps.com/tx/football/game/early-vs-merkel/8-28-2026/?c=8fc18274-69d0-47bb-8d2a-685d9f627388"
405,"Grace Classical Christian Academy Granbury vs Harvest Christian Academy Bartonville",Football,"Texas",08/28/2026,07:00 PM,"The Harvest Christian Academy Bartonville varsity football team has an away non-conference game @ Grace Classical Christian Academy Granbury (Texas) on Thursday, August 27 @ 7p.","/tx/football/game/grace-classical-christian-academy-granbury-vs-harvest-christian-academy-bartonville/8-28-2026/?c=39482a8d-e05a-4ab4-8486-5e74e3d6cdd7","https://www.maxpreps.com/tx/football/game/grace-classical-christian-academy-granbury-vs-harvest-christian-academy-bartonville/8-28-2026/?c=39482a8d-e05a-4ab4-8486-5e74e3d6cdd7"
406,"Marine Military Academy Harlingen vs Progreso",Football,"Texas",08/28/2026,07:00 PM,"The Progreso varsity football team has an away non-conference game @ Marine Military Academy Harlingen (Texas) on Thursday, August 27 @ 7p.","/tx/football/game/marine-military-academy-harlingen-vs-progreso/8-28-2026/?c=d92ea352-ea7e-47c4-88fe-06a7cf8b306a","https://www.maxpreps.com/tx/football/game/marine-military-academy-harlingen-vs-progreso/8-28-2026/?c=d92ea352-ea7e-47c4-88fe-06a7cf8b306a"
407,"Dasche Cedar Hill vs Newman International Academy Arlington",Football,"Texas",08/28/2026,07:00 PM,"The Newman International Academy Arlington varsity football team has an away non-conference game @ Dasche Cedar Hill (Texas) on Thursday, August 27 @ 7p.","/tx/football/game/dasche-cedar-hill-vs-newman-international-academy-arlington/8-28-2026/?c=38563dd4-5a24-4f04-be7f-3d0507c88cb9","https://www.maxpreps.com/tx/football/game/dasche-cedar-hill-vs-newman-international-academy-arlington/8-28-2026/?c=38563dd4-5a24-4f04-be7f-3d0507c88cb9"
408,"Flatonia vs Palacios",Football,"Texas",08/28/2026,07:00 PM,"The Palacios varsity football team has an away non-conference game @ Flatonia (Texas) on Thursday, August 27 @ 7p.","/tx/football/game/flatonia-vs-palacios/8-28-2026/?c=ed324468-5db3-41ac-a3fc-85919c5beeea","https://www.maxpreps.com/tx/football/game/flatonia-vs-palacios/8-28-2026/?c=ed324468-5db3-41ac-a3fc-85919c5beeea"
409,"New Boston vs New Diana",Football,"Texas",08/28/2026,07:00 PM,"The New Diana varsity football team has an away non-conference game @ New Boston (Texas) on Thursday, August 27 @ 7p.","/tx/football/game/new-boston-vs-new-diana/8-28-2026/?c=1fbba04e-b396-4385-80aa-08b0dd4e065c","https://www.maxpreps.com/tx/football/game/new-boston-vs-new-diana/8-28-2026/?c=1fbba04e-b396-4385-80aa-08b0dd4e065c"
410,"Coolidge vs Jonesboro",Football,"Texas",08/28/2026,07:00 PM,"The Jonesboro varsity football team has an away non-conference game @ Coolidge (Texas) on Thursday, August 27 @ 7p.","/tx/football/game/coolidge-vs-jonesboro/8-28-2026/?c=1c29f580-2b6a-4487-947a-0fadcc2109c1","https://www.maxpreps.com/tx/football/game/coolidge-vs-jonesboro/8-28-2026/?c=1c29f580-2b6a-4487-947a-0fadcc2109c1"
411,"Goldthwaite vs Junction",Football,"Texas",08/28/2026,07:00 PM,"The Junction varsity football team has an away non-conference game @ Goldthwaite (Texas) on Thursday, August 27 @ 7p.","/tx/football/game/goldthwaite-vs-junction/8-28-2026/?c=3839ce9d-f7af-4ed4-a9df-c000fbf332fc","https://www.maxpreps.com/tx/football/game/goldthwaite-vs-junction/8-28-2026/?c=3839ce9d-f7af-4ed4-a9df-c000fbf332fc"
412,"Lingleville vs Morgan",Football,"Texas",08/28/2026,07:00 PM,"The Morgan varsity football team has an away non-conference game @ Lingleville (Texas) on Thursday, August 27 @ 7p.","/tx/football/game/lingleville-vs-morgan/8-28-2026/?c=8e097895-1c58-452d-a450-70931ced6418","https://www.maxpreps.com/tx/football/game/lingleville-vs-morgan/8-28-2026/?c=8e097895-1c58-452d-a450-70931ced6418"
413,"Gatesville vs Lampasas",Football,"Texas",08/28/2026,07:00 PM,"The Lampasas varsity football team has an away non-conference game @ Gatesville (Texas) on Thursday, August 27 @ 7p.","/tx/football/game/gatesville-vs-lampasas/8-28-2026/?c=1a58eca6-3352-481d-a291-8e926b81efb9","https://www.maxpreps.com/tx/football/game/gatesville-vs-lampasas/8-28-2026/?c=1a58eca6-3352-481d-a291-8e926b81efb9"
414,"Leon Jewett vs Trinity",Football,"Texas",08/28/2026,07:00 PM,"The Trinity varsity football team has an away non-conference game @ Leon Jewett (Texas) on Thursday, August 27 @ 7p.","/tx/football/game/leon-jewett-vs-trinity/8-28-2026/?c=71bda4d9-9a60-48de-89da-a1580e74a727","https://www.maxpreps.com/tx/football/game/leon-jewett-vs-trinity/8-28-2026/?c=71bda4d9-9a60-48de-89da-a1580e74a727"
415,"Breckenridge vs Comanche",Football,"Texas",08/28/2026,07:00 PM,"The Comanche varsity football team has an away non-conference game @ Breckenridge (Texas) on Thursday, August 27 @ 7p.","/tx/football/game/breckenridge-vs-comanche/8-28-2026/?c=67b6c5f9-e57f-4dce-bccd-26923a062ac7","https://www.maxpreps.com/tx/football/game/breckenridge-vs-comanche/8-28-2026/?c=67b6c5f9-e57f-4dce-bccd-26923a062ac7"
416,"Balmorhea vs Lubbock Titans",Football,"Texas",08/28/2026,07:00 PM,"The Lubbock Titans varsity football team has an away non-conference game @ Balmorhea (Texas) on Thursday, August 27 @ 7p.","/tx/football/game/balmorhea-vs-lubbock-titans/8-28-2026/?c=3ecc7550-e3b9-459b-acc9-9564e9a2463c","https://www.maxpreps.com/tx/football/game/balmorhea-vs-lubbock-titans/8-28-2026/?c=3ecc7550-e3b9-459b-acc9-9564e9a2463c"
417,"Celina vs Legacy School Of Sport Sciences Spring",Football,"Texas",08/28/2026,07:00 PM,"The Legacy School Of Sport Sciences Spring varsity football team has an away non-conference game @ Celina (Texas) on Thursday, August 27 @ 7p.","/tx/football/game/celina-vs-legacy-school-of-sport-sciences-spring/8-28-2026/?c=a2123b5e-8058-4f2e-8db0-42121ce2c2a7","https://www.maxpreps.com/tx/football/game/celina-vs-legacy-school-of-sport-sciences-spring/8-28-2026/?c=a2123b5e-8058-4f2e-8db0-42121ce2c2a7"
418,"Alba Golden vs Linden Kildare",Football,"Texas",08/28/2026,07:00 PM,"The Linden Kildare varsity football team has an away non-conference game @ Alba Golden (Texas) on Thursday, August 27 @ 7p.","/tx/football/game/alba-golden-vs-linden-kildare/8-28-2026/?c=93b4cc7d-8319-4d16-b3e0-7b5448d20ddf","https://www.maxpreps.com/tx/football/game/alba-golden-vs-linden-kildare/8-28-2026/?c=93b4cc7d-8319-4d16-b3e0-7b5448d20ddf"
419,"Petersburg vs Springlake Earth",Football,"Texas",08/28/2026,07:00 PM,"The Springlake Earth varsity football team has an away non-conference game @ Petersburg (Texas) on Thursday, August 27 @ 7p.","/tx/football/game/petersburg-vs-springlake-earth/8-28-2026/?c=680b853b-ec0f-4a7b-b3da-d692d85692c9","https://www.maxpreps.com/tx/football/game/petersburg-vs-springlake-earth/8-28-2026/?c=680b853b-ec0f-4a7b-b3da-d692d85692c9"
420,"Fort Worth Thesa vs Victory Christian Academy Decatur",Football,"Texas",08/28/2026,07:00 PM,"The Victory Christian Academy Decatur varsity football team has an away non-conference game @ Fort Worth Thesa (Texas) on Thursday, August 27 @ 7p.","/tx/football/game/fort-worth-thesa-vs-victory-christian-academy-decatur/8-28-2026/?c=802fa66d-f73d-4895-87d0-d3a98221f292","https://www.maxpreps.com/tx/football/game/fort-worth-thesa-vs-victory-christian-academy-decatur/8-28-2026/?c=802fa66d-f73d-4895-87d0-d3a98221f292"
421,"Maud vs Rivercrest Bogata",Football,"Texas",08/28/2026,07:00 PM,"The Rivercrest Bogata varsity football team has an away non-conference game @ Maud (Texas) on Thursday, August 27 @ 7p.","/tx/football/game/maud-vs-rivercrest-bogata/8-28-2026/?c=c28aa88f-417b-449a-8a17-623f2b41dca7","https://www.maxpreps.com/tx/football/game/maud-vs-rivercrest-bogata/8-28-2026/?c=c28aa88f-417b-449a-8a17-623f2b41dca7"
422,"Crockett vs Mexia",Football,"Texas",08/28/2026,07:00 PM,"The Mexia varsity football team has an away non-conference game @ Crockett (Texas) on Thursday, August 27 @ 7p.","/tx/football/game/crockett-vs-mexia/8-28-2026/?c=f4c2d49e-f6fa-431d-ae2f-8a4739fa2cef","https://www.maxpreps.com/tx/football/game/crockett-vs-mexia/8-28-2026/?c=f4c2d49e-f6fa-431d-ae2f-8a4739fa2cef"
423,"Canton vs Jacksonville Fightin Indians",Football,"Texas",08/28/2026,07:00 PM,"The Jacksonville Fightin Indians varsity football team has an away non-conference game @ Canton (Texas) on Thursday, August 27 @ 7p.","/tx/football/game/canton-vs-jacksonville-fightin-indians/8-28-2026/?c=f877de30-8857-4314-9d14-314fadff7aeb","https://www.maxpreps.com/tx/football/game/canton-vs-jacksonville-fightin-indians/8-28-2026/?c=f877de30-8857-4314-9d14-314fadff7aeb"
424,"Corrigan Camden vs Hardin",Football,"Texas",08/28/2026,07:00 PM,"The Hardin varsity football team has an away non-conference game @ Corrigan Camden (Texas) on Thursday, August 27 @ 7p.","/tx/football/game/corrigan-camden-vs-hardin/8-28-2026/?c=5b17e0b6-1dbd-4e53-bc52-921585c54494","https://www.maxpreps.com/tx/football/game/corrigan-camden-vs-hardin/8-28-2026/?c=5b17e0b6-1dbd-4e53-bc52-921585c54494"
425,"Chant Homeschool Dallas vs Christian Heritage Longview",Football,"Texas",08/28/2026,07:00 PM,"The Christian Heritage Longview varsity football team has an away non-conference game @ Chant Homeschool Dallas (Texas) on Thursday, August 27 @ 7p.","/tx/football/game/chant-homeschool-dallas-vs-christian-heritage-longview/8-28-2026/?c=c4611e3d-d0aa-4e96-8dbd-5060558d7caf","https://www.maxpreps.com/tx/football/game/chant-homeschool-dallas-vs-christian-heritage-longview/8-28-2026/?c=c4611e3d-d0aa-4e96-8dbd-5060558d7caf"
426,"Odonnell vs Spur",Football,"Texas",08/28/2026,07:00 PM,"The Spur varsity football team has an away non-conference game @ Odonnell (Texas) on Thursday, August 27 @ 7p.","/tx/football/game/odonnell-vs-spur/8-28-2026/?c=102f4a95-b402-4725-8f08-917f7a9a666c","https://www.maxpreps.com/tx/football/game/odonnell-vs-spur/8-28-2026/?c=102f4a95-b402-4725-8f08-917f7a9a666c"
427,"Elgin vs Manor",Football,"Texas",08/28/2026,07:00 PM,"The Manor varsity football team has an away non-conference game @ Elgin (Texas) on Thursday, August 27 @ 7p.","/tx/football/game/elgin-vs-manor/8-28-2026/?c=ab755cf0-9b77-4206-b959-524fcd0d5097","https://www.maxpreps.com/tx/football/game/elgin-vs-manor/8-28-2026/?c=ab755cf0-9b77-4206-b959-524fcd0d5097"
428,"Heritage Christian Fredericksburg vs San Marcos Academy",Football,"Texas",08/28/2026,07:00 PM,"The San Marcos Academy varsity football team has an away non-conference game @ Heritage Christian Fredericksburg (Texas) on Thursday, August 27 @ 7p.","/tx/football/game/heritage-christian-fredericksburg-vs-san-marcos-academy/8-28-2026/?c=f5299a43-2260-45af-a185-19ae540371b6","https://www.maxpreps.com/tx/football/game/heritage-christian-fredericksburg-vs-san-marcos-academy/8-28-2026/?c=f5299a43-2260-45af-a185-19ae540371b6"
429,"Grace Christian Academy Perrin vs Perrin Whitt",Football,"Texas",08/28/2026,07:00 PM,"The Perrin Whitt varsity football team has an away non-conference game @ Grace Christian Academy Perrin (Texas) on Thursday, August 27 @ 7p.","/tx/football/game/grace-christian-academy-perrin-vs-perrin-whitt/8-28-2026/?c=3710e3d6-908b-49f0-bf65-5a65c98276ee","https://www.maxpreps.com/tx/football/game/grace-christian-academy-perrin-vs-perrin-whitt/8-28-2026/?c=3710e3d6-908b-49f0-bf65-5a65c98276ee"
430,"Grady Lenorah vs Our Lady Of The Hills Kerrville",Football,"Texas",08/28/2026,07:00 PM,"The Our Lady Of The Hills Kerrville varsity football team has an away non-conference game @ Grady Lenorah (Texas) on Thursday, August 27 @ 7p.","/tx/football/game/grady-lenorah-vs-our-lady-of-the-hills-kerrville/8-28-2026/?c=822c3538-81a5-4f7d-9163-298019930b93","https://www.maxpreps.com/tx/football/game/grady-lenorah-vs-our-lady-of-the-hills-kerrville/8-28-2026/?c=822c3538-81a5-4f7d-9163-298019930b93"
431,"Hillsboro vs West",Football,"Texas",08/28/2026,07:00 PM,"The West varsity football team has an away non-conference game @ Hillsboro (Texas) on Thursday, August 27 @ 7p.","/tx/football/game/hillsboro-vs-west/8-28-2026/?c=92260d14-177e-48cb-87b9-73f85ac8c715","https://www.maxpreps.com/tx/football/game/hillsboro-vs-west/8-28-2026/?c=92260d14-177e-48cb-87b9-73f85ac8c715"
432,"Prosper vs Rockwall",Football,"Texas",08/28/2026,07:00 PM,"The Rockwall varsity football team has an away non-conference game @ Prosper (Texas) on Thursday, August 27 @ 7p.","/tx/football/game/prosper-vs-rockwall/8-28-2026/?c=895c8a1a-9f69-4d7f-b164-25d3709946a4","https://www.maxpreps.com/tx/football/game/prosper-vs-rockwall/8-28-2026/?c=895c8a1a-9f69-4d7f-b164-25d3709946a4"
433,"San Juan Diego Catholic Austin vs Texas Empowerment Academy Austin",Football,"Texas",08/28/2026,07:00 PM,"The Texas Empowerment Academy Austin varsity football team has an away non-conference game @ San Juan Diego Catholic Austin (Texas) on Thursday, August 27 @ 7p.","/tx/football/game/san-juan-diego-catholic-austin-vs-texas-empowerment-academy-austin/8-28-2026/?c=42be7707-bd27-4a75-8476-82ab3e316a36","https://www.maxpreps.com/tx/football/game/san-juan-diego-catholic-austin-vs-texas-empowerment-academy-austin/8-28-2026/?c=42be7707-bd27-4a75-8476-82ab3e316a36"
434,"China Spring vs Connally Waco",Football,"Texas",08/28/2026,07:00 PM,"The Connally Waco varsity football team has an away non-conference game @ China Spring (Texas) on Thursday, August 27 @ 7p.","/tx/football/game/china-spring-vs-connally-waco/8-28-2026/?c=4dd57341-2825-4e88-bb23-49234c17b0ae","https://www.maxpreps.com/tx/football/game/china-spring-vs-connally-waco/8-28-2026/?c=4dd57341-2825-4e88-bb23-49234c17b0ae"
435,"Heritage Christian Academy Haslet vs Weatherford Christian",Football,"Texas",08/28/2026,07:00 PM,"The Weatherford Christian varsity football team has an away non-conference game @ Heritage Christian Academy Haslet (Texas) on Thursday, August 27 @ 7p.","/tx/football/game/heritage-christian-academy-haslet-vs-weatherford-christian/8-28-2026/?c=ea7f46bc-1be9-4876-b9c2-5d13dab10ce8","https://www.maxpreps.com/tx/football/game/heritage-christian-academy-haslet-vs-weatherford-christian/8-28-2026/?c=ea7f46bc-1be9-4876-b9c2-5d13dab10ce8"
436,"Dunbar Fort Worth vs Wilmer Hutchins Dallas",Football,"Texas",08/28/2026,07:00 PM,"The Wilmer Hutchins Dallas varsity football team has an away non-conference game @ Dunbar Fort Worth (Texas) on Thursday, August 27 @ 7p.","/tx/football/game/dunbar-fort-worth-vs-wilmer-hutchins-dallas/8-28-2026/?c=a03c6af2-254d-401a-9ca2-da4ece8f9717","https://www.maxpreps.com/tx/football/game/dunbar-fort-worth-vs-wilmer-hutchins-dallas/8-28-2026/?c=a03c6af2-254d-401a-9ca2-da4ece8f9717"
437,"Hallettsville vs Schulenburg",Football,"Texas",08/28/2026,07:00 PM,"The Schulenburg varsity football team has an away non-conference game @ Hallettsville (Texas) on Thursday, August 27 @ 7p.","/tx/football/game/hallettsville-vs-schulenburg/8-28-2026/?c=538ce9e6-cd0d-415b-8026-6727eb1dafbb","https://www.maxpreps.com/tx/football/game/hallettsville-vs-schulenburg/8-28-2026/?c=538ce9e6-cd0d-415b-8026-6727eb1dafbb"
438,"Rice Consolidated Altair vs Wheatley Houston",Football,"Texas",08/28/2026,07:00 PM,"The Wheatley Houston varsity football team has an away non-conference game @ Rice Consolidated Altair (Texas) on Thursday, August 27 @ 7p.","/tx/football/game/rice-consolidated-altair-vs-wheatley-houston/8-28-2026/?c=fe8238f8-2834-4e50-a170-a530eaaa8a56","https://www.maxpreps.com/tx/football/game/rice-consolidated-altair-vs-wheatley-houston/8-28-2026/?c=fe8238f8-2834-4e50-a170-a530eaaa8a56"
439,"Bvchea Homeschool Bryan vs Calvert",Football,"Texas",08/28/2026,07:00 PM,"The Calvert varsity football team has an away non-conference game @ Bvchea Homeschool Bryan (Texas) on Thursday, August 27 @ 7p.","/tx/football/game/bvchea-homeschool-bryan-vs-calvert/8-28-2026/?c=2bbf2f06-8cba-4ab8-8b1e-d2764f212582","https://www.maxpreps.com/tx/football/game/bvchea-homeschool-bryan-vs-calvert/8-28-2026/?c=2bbf2f06-8cba-4ab8-8b1e-d2764f212582"
440,"Iredell vs Penelope",Football,"Texas",08/28/2026,07:00 PM,"The Penelope varsity football team has an away non-conference game @ Iredell (Texas) on Thursday, August 27 @ 7p.","/tx/football/game/iredell-vs-penelope/8-28-2026/?c=09aa1491-00cd-4a20-a2a5-5884e4e97a3a","https://www.maxpreps.com/tx/football/game/iredell-vs-penelope/8-28-2026/?c=09aa1491-00cd-4a20-a2a5-5884e4e97a3a"
441,"Giddings vs Rockdale",Football,"Texas",08/28/2026,07:00 PM,"The Rockdale varsity football team has an away non-conference game @ Giddings (Texas) on Thursday, August 27 @ 7p.","/tx/football/game/giddings-vs-rockdale/8-28-2026/?c=7b29027a-75bc-40f4-ad1d-1e26ee6a58d0","https://www.maxpreps.com/tx/football/game/giddings-vs-rockdale/8-28-2026/?c=7b29027a-75bc-40f4-ad1d-1e26ee6a58d0"
442,"Harmony Big Sandy vs Hughes Springs",Football,"Texas",08/28/2026,07:00 PM,"The Hughes Springs varsity football team has an away non-conference game @ Harmony Big Sandy (Texas) on Thursday, August 27 @ 7p.","/tx/football/game/harmony-big-sandy-vs-hughes-springs/8-28-2026/?c=9dd51a0c-728c-4421-8791-efbde9e995cd","https://www.maxpreps.com/tx/football/game/harmony-big-sandy-vs-hughes-springs/8-28-2026/?c=9dd51a0c-728c-4421-8791-efbde9e995cd"
443,"Centex Homeschool Temple vs Johnson County Sports Association Cleburne",Football,"Texas",08/28/2026,07:00 PM,"The Johnson County Sports Association Cleburne varsity football team has an away non-conference game @ Centex Homeschool Temple (Texas) on Thursday, August 27 @ 7p.","/tx/football/game/centex-homeschool-temple-vs-johnson-county-sports-association-cleburne/8-28-2026/?c=59992685-f2b6-4aa6-bad9-64e102a6f3bd","https://www.maxpreps.com/tx/football/game/centex-homeschool-temple-vs-johnson-county-sports-association-cleburne/8-28-2026/?c=59992685-f2b6-4aa6-bad9-64e102a6f3bd"
444,"Avalon vs Oakwood",Football,"Texas",08/28/2026,07:00 PM,"The Oakwood varsity football team has an away non-conference game @ Avalon (Texas) on Thursday, August 27 @ 7p.","/tx/football/game/avalon-vs-oakwood/8-28-2026/?c=0af61533-54db-49c3-94bc-49d12d19b612","https://www.maxpreps.com/tx/football/game/avalon-vs-oakwood/8-28-2026/?c=0af61533-54db-49c3-94bc-49d12d19b612"
445,"Aquilla vs First Baptist Christian Pasadena",Football,"Texas",08/28/2026,07:00 PM,"The First Baptist Christian Pasadena varsity football team has an away non-conference game @ Aquilla (Texas) on Thursday, August 27 @ 7p.","/tx/football/game/aquilla-vs-first-baptist-christian-pasadena/8-28-2026/?c=68df67c0-38f5-4800-81e5-5bc85c0fdefc","https://www.maxpreps.com/tx/football/game/aquilla-vs-first-baptist-christian-pasadena/8-28-2026/?c=68df67c0-38f5-4800-81e5-5bc85c0fdefc"
446,"Klondike Lamesa vs Strawn",Football,"Texas",08/28/2026,07:00 PM,"The Strawn varsity football team has an away non-conference game @ Klondike Lamesa (Texas) on Thursday, August 27 @ 7p.","/tx/football/game/klondike-lamesa-vs-strawn/8-28-2026/?c=5ce694a1-a8c2-4fee-b31c-7a39c9d980e4","https://www.maxpreps.com/tx/football/game/klondike-lamesa-vs-strawn/8-28-2026/?c=5ce694a1-a8c2-4fee-b31c-7a39c9d980e4"
447,"Bryan vs Magnolia West",Football,"Texas",08/28/2026,07:00 PM,"The Magnolia West varsity football team has an away non-conference game @ Bryan (Texas) on Thursday, August 27 @ 7p.","/tx/football/game/bryan-vs-magnolia-west/8-28-2026/?c=8555bad0-d791-486d-9642-d689e3a69b66","https://www.maxpreps.com/tx/football/game/bryan-vs-magnolia-west/8-28-2026/?c=8555bad0-d791-486d-9642-d689e3a69b66"
448,"Brenham vs Huntsville",Football,"Texas",08/28/2026,07:00 PM,"The Huntsville varsity football team has an away non-conference game @ Brenham (Texas) on Thursday, August 27 @ 7p.","/tx/football/game/brenham-vs-huntsville/8-28-2026/?c=74eb95bb-640d-4893-9b5f-93a39ef820da","https://www.maxpreps.com/tx/football/game/brenham-vs-huntsville/8-28-2026/?c=74eb95bb-640d-4893-9b5f-93a39ef820da"
449,"Munday vs Pathway Academy Big Spring",Football,"Texas",08/28/2026,07:00 PM,"The Pathway Academy Big Spring varsity football team has an away non-conference game @ Munday (Texas) on Thursday, August 27 @ 7p.","/tx/football/game/munday-vs-pathway-academy-big-spring/8-28-2026/?c=89807c3b-26da-40ac-b7bd-94e83ffd419e","https://www.maxpreps.com/tx/football/game/munday-vs-pathway-academy-big-spring/8-28-2026/?c=89807c3b-26da-40ac-b7bd-94e83ffd419e"
450,"Community Nevada vs Liberty Frisco",Football,"Texas",08/28/2026,07:00 PM,"The Liberty Frisco varsity football team has an away non-conference game @ Community Nevada (Texas) on Thursday, August 27 @ 7p.","/tx/football/game/community-nevada-vs-liberty-frisco/8-28-2026/?c=73937476-b588-4fad-bf32-df229f88dc80","https://www.maxpreps.com/tx/football/game/community-nevada-vs-liberty-frisco/8-28-2026/?c=73937476-b588-4fad-bf32-df229f88dc80"
451,"Copperas Cove vs Ellison Killeen",Football,"Texas",08/28/2026,07:00 PM,"The Ellison Killeen varsity football team has an away non-conference game @ Copperas Cove (Texas) on Thursday, August 27 @ 7p.","/tx/football/game/copperas-cove-vs-ellison-killeen/8-28-2026/?c=39b3f186-89a0-4cb4-bdbd-c722383f8949","https://www.maxpreps.com/tx/football/game/copperas-cove-vs-ellison-killeen/8-28-2026/?c=39b3f186-89a0-4cb4-bdbd-c722383f8949"
452,"Monahans vs Stanton",Football,"Texas",08/28/2026,07:00 PM,"The Stanton varsity football team has an away non-conference game @ Monahans (Texas) on Thursday, August 27 @ 7p.","/tx/football/game/monahans-vs-stanton/8-28-2026/?c=ac763235-1c0f-4290-a374-901f2333523b","https://www.maxpreps.com/tx/football/game/monahans-vs-stanton/8-28-2026/?c=ac763235-1c0f-4290-a374-901f2333523b"
453,"Harmony School Of Innovation Katy vs Kipp Sunnyside Houston",Football,"Texas",08/28/2026,07:00 PM,"The Kipp Sunnyside Houston varsity football team has an away non-conference game @ Harmony School Of Innovation Katy (Texas) on Thursday, August 27 @ 7p.","/tx/football/game/harmony-school-of-innovation-katy-vs-kipp-sunnyside-houston/8-28-2026/?c=e9f3e466-58a6-48a1-9b2c-f55200914bf8","https://www.maxpreps.com/tx/football/game/harmony-school-of-innovation-katy-vs-kipp-sunnyside-houston/8-28-2026/?c=e9f3e466-58a6-48a1-9b2c-f55200914bf8"
454,"Center vs Van",Football,"Texas",08/28/2026,07:00 PM,"The Van varsity football team has an away non-conference game @ Center (Texas) on Thursday, August 27 @ 7p.","/tx/football/game/center-vs-van/8-28-2026/?c=abd9968f-d1ae-43f3-b92e-137841745c28","https://www.maxpreps.com/tx/football/game/center-vs-van/8-28-2026/?c=abd9968f-d1ae-43f3-b92e-137841745c28"
455,"Alief Hastings Houston vs Cypress Park",Football,"Texas",08/28/2026,07:00 PM,"The Cypress Park varsity football team has an away non-conference game @ Alief Hastings Houston (Texas) on Thursday, August 27 @ 7p.","/tx/football/game/alief-hastings-houston-vs-cypress-park/8-28-2026/?c=14c18bca-6e8b-460b-9a86-d7107b6a33be","https://www.maxpreps.com/tx/football/game/alief-hastings-houston-vs-cypress-park/8-28-2026/?c=14c18bca-6e8b-460b-9a86-d7107b6a33be"
456,"Alief Elsik Houston vs West Fork Kingwood",Football,"Texas",08/28/2026,07:00 PM,"The West Fork Kingwood varsity football team has an away non-conference game @ Alief Elsik Houston (Texas) on Thursday, August 27 @ 7p.","/tx/football/game/alief-elsik-houston-vs-west-fork-kingwood/8-28-2026/?c=41fd81e5-0adc-43e2-b7e3-a908712a91ef","https://www.maxpreps.com/tx/football/game/alief-elsik-houston-vs-west-fork-kingwood/8-28-2026/?c=41fd81e5-0adc-43e2-b7e3-a908712a91ef"
457,"Era vs Petrolia",Football,"Texas",08/28/2026,07:00 PM,"The Petrolia varsity football team has an away non-conference game @ Era (Texas) on Thursday, August 27 @ 7p.","/tx/football/game/era-vs-petrolia/8-28-2026/?c=8cee1b34-8c09-4f33-b8aa-d3bb68a1fc12","https://www.maxpreps.com/tx/football/game/era-vs-petrolia/8-28-2026/?c=8cee1b34-8c09-4f33-b8aa-d3bb68a1fc12"
458,"Bishop Gorman Tyler vs Cayuga",Football,"Texas",08/28/2026,07:00 PM,"The Cayuga varsity football team has an away non-conference game @ Bishop Gorman Tyler (Texas) on Thursday, August 27 @ 7p.","/tx/football/game/bishop-gorman-tyler-vs-cayuga/8-28-2026/?c=1749574b-bb30-45f3-aa26-87bac06ef87a","https://www.maxpreps.com/tx/football/game/bishop-gorman-tyler-vs-cayuga/8-28-2026/?c=1749574b-bb30-45f3-aa26-87bac06ef87a"
459,"Edgewood vs Malakoff",Football,"Texas",08/28/2026,07:00 PM,"The Malakoff varsity football team has an away non-conference game @ Edgewood (Texas) on Thursday, August 27 @ 7p.","/tx/football/game/edgewood-vs-malakoff/8-28-2026/?c=b4f84e10-c9b5-494f-9169-c2bbf1d7bc38","https://www.maxpreps.com/tx/football/game/edgewood-vs-malakoff/8-28-2026/?c=b4f84e10-c9b5-494f-9169-c2bbf1d7bc38"
460,"Bullard vs Mabank",Football,"Texas",08/28/2026,07:00 PM,"The Mabank varsity football team has an away non-conference game @ Bullard (Texas) on Thursday, August 27 @ 7p.","/tx/football/game/bullard-vs-mabank/8-28-2026/?c=3465d3f9-5517-49e9-89c0-218cdbd028c9","https://www.maxpreps.com/tx/football/game/bullard-vs-mabank/8-28-2026/?c=3465d3f9-5517-49e9-89c0-218cdbd028c9"
461,"Shoemaker Killeen Tx vs Varsity Opponent Intl",Football,"Texas",08/28/2026,07:00 PM,"The Varsity Opponent Intl varsity football team has an away non-conference game @ Shoemaker Killeen Tx (Texas) on Thursday, August 27 @ 7p.","/tx/football/game/shoemaker-killeen-tx-vs-varsity-opponent-intl/8-28-2026/?c=6798ae21-dbb6-4e2d-84ac-7a9e8882bc9a","https://www.maxpreps.com/tx/football/game/shoemaker-killeen-tx-vs-varsity-opponent-intl/8-28-2026/?c=6798ae21-dbb6-4e2d-84ac-7a9e8882bc9a"
462,"Palestine vs Seagoville Dallas",Football,"Texas",08/28/2026,07:00 PM,"The Seagoville Dallas varsity football team has an away non-conference game @ Palestine (Texas) on Thursday, August 27 @ 7p.","/tx/football/game/palestine-vs-seagoville-dallas/8-28-2026/?c=9869a534-edda-4a3d-bf30-6e30b4041ee2","https://www.maxpreps.com/tx/football/game/palestine-vs-seagoville-dallas/8-28-2026/?c=9869a534-edda-4a3d-bf30-6e30b4041ee2"
463,"Livingston vs Rusk",Football,"Texas",08/28/2026,07:00 PM,"The Rusk varsity football team has an away non-conference game @ Livingston (Texas) on Thursday, August 27 @ 7p.","/tx/football/game/livingston-vs-rusk/8-28-2026/?c=7d33f2ec-5a71-4ca5-b037-67786f47ba26","https://www.maxpreps.com/tx/football/game/livingston-vs-rusk/8-28-2026/?c=7d33f2ec-5a71-4ca5-b037-67786f47ba26"
464,"De Kalb vs Tom Bean",Football,"Texas",08/28/2026,07:00 PM,"The Tom Bean varsity football team has an away non-conference game @ De Kalb (Texas) on Thursday, August 27 @ 7p.","/tx/football/game/de-kalb-vs-tom-bean/8-28-2026/?c=73db1e1b-0033-4721-9b95-57ffeaef99f0","https://www.maxpreps.com/tx/football/game/de-kalb-vs-tom-bean/8-28-2026/?c=73db1e1b-0033-4721-9b95-57ffeaef99f0"
465,"Harmony Science Academy Katy vs Kipp Sunnyside Houston",Football,"Texas",08/28/2026,07:00 PM,"The Kipp Sunnyside Houston varsity football team has an away non-conference game @ Harmony Science Academy Katy (Texas) on Thursday, August 27 @ 7p.","/tx/football/game/harmony-science-academy-katy-vs-kipp-sunnyside-houston/8-28-2026/?c=451acddf-16bc-418a-b390-f0111f62a338","https://www.maxpreps.com/tx/football/game/harmony-science-academy-katy-vs-kipp-sunnyside-houston/8-28-2026/?c=451acddf-16bc-418a-b390-f0111f62a338"
466,"Bridge City vs Kirbyville",Football,"Texas",08/28/2026,07:00 PM,"The Kirbyville varsity football team has an away non-conference game @ Bridge City (Texas) on Thursday, August 27 @ 7p.","/tx/football/game/bridge-city-vs-kirbyville/8-28-2026/?c=a86c7fae-3a44-4aa2-9497-dbcfc9e69fb7","https://www.maxpreps.com/tx/football/game/bridge-city-vs-kirbyville/8-28-2026/?c=a86c7fae-3a44-4aa2-9497-dbcfc9e69fb7"
467,"Bynum vs Kopperl",Football,"Texas",08/28/2026,07:00 PM,"The Kopperl varsity football team has an away non-conference game @ Bynum (Texas) on Thursday, August 27 @ 7p.","/tx/football/game/bynum-vs-kopperl/8-28-2026/?c=259116d4-2aaf-4b7e-8b58-2172ca93cf4c","https://www.maxpreps.com/tx/football/game/bynum-vs-kopperl/8-28-2026/?c=259116d4-2aaf-4b7e-8b58-2172ca93cf4c"
468,"Trinidad vs Tyler Heat Heat",Football,"Texas",08/28/2026,07:00 PM,"The Tyler Heat Heat varsity football team has an away non-conference game @ Trinidad (Texas) on Thursday, August 27 @ 7p.","/tx/football/game/trinidad-vs-tyler-heat-heat/8-28-2026/?c=7d6cff28-199f-4c36-bfd6-158b35a72f2e","https://www.maxpreps.com/tx/football/game/trinidad-vs-tyler-heat-heat/8-28-2026/?c=7d6cff28-199f-4c36-bfd6-158b35a72f2e"
469,"New Waverly vs Tarkington Cleveland",Football,"Texas",08/28/2026,07:00 PM,"The Tarkington Cleveland varsity football team has an away non-conference game @ New Waverly (Texas) on Thursday, August 27 @ 7p.","/tx/football/game/new-waverly-vs-tarkington-cleveland/8-28-2026/?c=bc93c6d4-1b21-487f-a2a7-2e24e3df0a2a","https://www.maxpreps.com/tx/football/game/new-waverly-vs-tarkington-cleveland/8-28-2026/?c=bc93c6d4-1b21-487f-a2a7-2e24e3df0a2a"
470,"Rochelle vs Sidney",Football,"Texas",08/28/2026,07:00 PM,"The Sidney varsity football team has an away non-conference game @ Rochelle (Texas) on Thursday, August 27 @ 7p.","/tx/football/game/rochelle-vs-sidney/8-28-2026/?c=22e23e24-f122-4efe-8ccc-055bee437385","https://www.maxpreps.com/tx/football/game/rochelle-vs-sidney/8-28-2026/?c=22e23e24-f122-4efe-8ccc-055bee437385"
471,"Burnet vs Llano",Football,"Texas",08/28/2026,07:00 PM,"The Llano varsity football team has an away non-conference game @ Burnet (Texas) on Thursday, August 27 @ 7p.","/tx/football/game/burnet-vs-llano/8-28-2026/?c=e98d0519-5391-44fc-ad87-fb4cac36ac56","https://www.maxpreps.com/tx/football/game/burnet-vs-llano/8-28-2026/?c=e98d0519-5391-44fc-ad87-fb4cac36ac56"
472,"Incarnate Word Academy Corpus Christi vs Saint Marys Hall San Antonio",Football,"Texas",08/28/2026,07:00 PM,"The Saint Marys Hall San Antonio varsity football team has an away non-conference game @ Incarnate Word Academy Corpus Christi (Texas) on Thursday, August 27 @ 7p.","/tx/football/game/incarnate-word-academy-corpus-christi-vs-saint-marys-hall-san-antonio/8-28-2026/?c=818e1b4e-d451-4a14-a408-972727661680","https://www.maxpreps.com/tx/football/game/incarnate-word-academy-corpus-christi-vs-saint-marys-hall-san-antonio/8-28-2026/?c=818e1b4e-d451-4a14-a408-972727661680"
473,"Jubilee Lake View University Prep San Antonio vs Northstar Bulverde",Football,"Texas",08/28/2026,07:00 PM,"The Northstar Bulverde varsity football team has an away non-conference game @ Jubilee Lake View University Prep San Antonio (Texas) on Thursday, August 27 @ 7p.","/tx/football/game/jubilee-lake-view-university-prep-san-antonio-vs-northstar-bulverde/8-28-2026/?c=758cb9c4-56b6-462b-92ec-8a722787929d","https://www.maxpreps.com/tx/football/game/jubilee-lake-view-university-prep-san-antonio-vs-northstar-bulverde/8-28-2026/?c=758cb9c4-56b6-462b-92ec-8a722787929d"
474,"Greenville Homeschool Athletics vs Kings Academy Tyler",Football,"Texas",08/28/2026,07:00 PM,"The Kings Academy Tyler varsity football team has an away non-conference game @ Greenville Homeschool Athletics (Texas) on Thursday, August 27 @ 7p.","/tx/football/game/greenville-homeschool-athletics-vs-kings-academy-tyler/8-28-2026/?c=072f51a4-3fbe-41db-a16d-1f54639963c7","https://www.maxpreps.com/tx/football/game/greenville-homeschool-athletics-vs-kings-academy-tyler/8-28-2026/?c=072f51a4-3fbe-41db-a16d-1f54639963c7"
475,"Somerset Academy Brooks San Antonio vs Williamson County Homeschool Austin",Football,"Texas",08/28/2026,07:00 PM,"The Williamson County Homeschool Austin varsity football team has an away non-conference game @ Somerset Academy Brooks San Antonio (Texas) on Thursday, August 27 @ 7p.","/tx/football/game/somerset-academy-brooks-san-antonio-vs-williamson-county-homeschool-austin/8-28-2026/?c=f7188d01-a1f4-43fa-9207-2b23a8372826","https://www.maxpreps.com/tx/football/game/somerset-academy-brooks-san-antonio-vs-williamson-county-homeschool-austin/8-28-2026/?c=f7188d01-a1f4-43fa-9207-2b23a8372826"
476,"New Braunfels Spartans vs Victoria Gators Homeschool",Football,"Texas",08/28/2026,07:00 PM,"The Victoria Gators Homeschool varsity football team has an away non-conference game @ New Braunfels Spartans (Texas) on Thursday, August 27 @ 7p.","/tx/football/game/new-braunfels-spartans-vs-victoria-gators-homeschool/8-28-2026/?c=8eba3f90-753a-41b8-8f75-5a11e020d0e1","https://www.maxpreps.com/tx/football/game/new-braunfels-spartans-vs-victoria-gators-homeschool/8-28-2026/?c=8eba3f90-753a-41b8-8f75-5a11e020d0e1"
477,"Bishop Dunne Dallas vs Nolan Catholic Fort Worth",Football,"Texas",08/28/2026,07:00 PM,"The Nolan Catholic Fort Worth varsity football team has an away non-conference game @ Bishop Dunne Dallas (Texas) on Thursday, August 27 @ 7p.","/tx/football/game/bishop-dunne-dallas-vs-nolan-catholic-fort-worth/8-28-2026/?c=acd122c4-c039-4448-bda9-b7f1f85c3cbb","https://www.maxpreps.com/tx/football/game/bishop-dunne-dallas-vs-nolan-catholic-fort-worth/8-28-2026/?c=acd122c4-c039-4448-bda9-b7f1f85c3cbb"
478,"Lake Country Christian Fort Worth vs Live Oak Classical Waco",Football,"Texas",08/28/2026,07:00 PM,"The Live Oak Classical Waco varsity football team has an away non-conference game @ Lake Country Christian Fort Worth (Texas) on Thursday, August 27 @ 7p.","/tx/football/game/lake-country-christian-fort-worth-vs-live-oak-classical-waco/8-28-2026/?c=29b110e3-2a37-40be-adcd-b04125a2fa43","https://www.maxpreps.com/tx/football/game/lake-country-christian-fort-worth-vs-live-oak-classical-waco/8-28-2026/?c=29b110e3-2a37-40be-adcd-b04125a2fa43"
